X,Y,Z,C
-363.39,-208.4,-1381.62,5.02E-05
-377.56,-219.617,-1340.05,8.07E-05
-536.924,-77.4538,-1301.36,0.0001325
-402.573,-216.734,-1254.4,0.000130688
-551.524,-70.3799,-1246.47,0.000610873
-545.321,-85.7373,-1282.39,0.000209427
-573.984,-62.9318,-1259.13,0.000235768
-623.527,18.4289,-1250.12,0.000110844
-652.905,52.0439,-1240.86,0.000158371
-1114.02,492.12,-1246.47,5.98E-05
-251.217,-383.649,-1196.05,0.00141419
-355.344,-278.121,-1209.05,0.000221856
-346.918,-294.381,-1196.46,0.000234728
-377.601,-288.346,-1164.99,0.000360156
-311.166,-306.877,-1219.17,0.000190674
-419.183,-225.078,-1211.67,0.000158158
-407.258,-220.591,-1233.61,0.000147962
-382.939,-237.867,-1199.56,0.000233225
-379.322,-255.963,-1253.93,0.000128345
-602.947,-34.9079,-1177.57,0.000216836
-754.906,110.976,-1189.78,0.000196015
-813.717,178.851,-1196.05,0.000173695
-909.418,268.119,-1196.46,0.00012691
-391.387,-293.55,-1085.3,0.00242979
-391.66,-281.656,-1108,0.000960398
-415.03,-255.998,-1130.34,0.000482758
-412.206,-243.721,-1170.27,0.000338678
-665.496,4.22256,-1112.1,0.000662283
-685.282,18.3808,-1101.41,0.000817204
-654.905,-1.49752,-1131.18,0.000482568
-630.959,-37.8824,-1139.16,0.000442156
-712.304,47.5354,-1123.12,0.000612382
-701.461,32.9691,-1104.97,0.000839122
-636.408,3.03793,-1180.17,0.00027123
-689.203,20.6813,-1144.5,0.000567161
-671.165,30.0819,-1156.65,0.000389587
-777.958,101.088,-1099.07,0.00083635
-763.416,122.702,-1147.12,0.000369015
-804.766,121.822,-1109.19,0.000604951
-745.461,77.6924,-1115.86,0.000614777
-729.959,78.7552,-1160.74,0.000326369
-954.16,280.844,-1108,0.000316118
-1093.22,447.636,-1140.84,0.000728435
-400.972,-300.108,-1066.63,0.00249669
-317.369,-325.023,-1078.71,0.000916679
-479.162,-195.066,-1028.09,0.000721036
-577.306,-97.0379,-1096.55,0.00129916
-552.608,-109.906,-1103.37,0.00130111
-680.55,-15.9041,-1074.44,0.00131304
-643.675,-23.8348,-1035.32,0.00165324
-656.146,-10.7752,-1027.49,0.00228697
-675.455,9.78972,-1035.75,0.00251425
-740.275,43.5363,-1088.96,0.00119536
-753.324,64.635,-1036.91,0.00303766
-671.557,-0.964373,-1055.13,0.00188663
-812.226,122.316,-1081.78,0.00092309
-780.836,118.047,-1040.94,0.00238607
-800.57,124.017,-1039.37,0.00254397
-762.905,76.992,-1069.29,0.0016624
-718.338,53.3085,-1045.52,0.00231254
-739.949,60.0517,-1029.39,0.00363505
-757.56,93.3048,-1036.81,0.00175066
-900.709,221.173,-1035.58,0.000352699
-878.919,206.371,-1037.31,0.000489513
-919.662,251.318,-1069.85,0.000228253
-914.519,223.903,-1038.19,0.000460575
-995.523,314.426,-1027.27,0.00190614
-974.56,302.942,-1034.07,0.00169751
-1139.81,465.462,-1096.55,0.000980941
-1155.96,469.586,-1081.68,0.00061703
-1157.77,461.252,-1052.91,0.000531161
-1125.6,444.966,-1058.18,0.00109605
-1115.11,452.594,-1103.37,0.00175517
-391.717,-296.297,-1017.01,0.00370014
-459.905,-242.327,-968.772,0.000730797
-445.754,-243.999,-979.457,0.000644373
-448.546,-250.973,-961.49,0.000625155
-381.689,-297.396,-987.961,0.0011533
-567.371,-136.517,-958.193,0.00274449
-506.26,-165.261,-991.402,0.000887352
-483.463,-190.043,-986.37,0.000793175
-506.745,-188.186,-1017.17,0.000827076
-493.366,-183.933,-976.571,0.00081968
-611.019,-59.6761,-1022.02,0.00230216
-606.63,-101.333,-976.276,0.00333925
-554.697,-134.631,-994.02,0.00231565
-563.73,-125.928,-986.308,0.00293379
-581.557,-89.8122,-1023.68,0.00276078
-572.452,-115.696,-975.784,0.00401542
-591.601,-105.403,-969.822,0.00426026
-694.035,2.85232,-975.523,0.00510849
-708.75,6.01256,-965.187,0.0189238
-681.626,-2.02683,-983.105,0.00424258
-637.486,-53.7618,-992.716,0.00362279
-623.871,-58.0669,-998.653,0.00321874
-650.198,-51.0816,-984.818,0.00364578
-623.942,-47.7826,-1027.39,0.00210127
-634.051,-36.5442,-1033.94,0.00175921
-614.526,-64.0989,-988.588,0.00353903
-634.262,-61.8551,-957.361,0.00391762
-639.775,-54.6562,-974.897,0.00402183
-744.84,65.2243,-971.861,0.00362221
-747.374,67.6992,-1004.96,0.00364875
-697.634,14.5602,-984.229,0.00580907
-702.846,24.262,-997.987,0.0046874
-698.84,20.0156,-1017.08,0.00354279
-725.79,54.6503,-1022.2,0.00346255
-722.926,33.8471,-1003.8,0.00421385
-734.311,41.2505,-997.303,0.00421386
-689.029,15.8933,-1028.8,0.00294474
-834.905,132.673,-968.772,0.00221124
-785.721,91.8503,-980.688,0.00276556
-784.593,110.187,-1028.79,0.00252568
-811.089,131.617,-1032.34,0.00238878
-820.754,131.001,-979.457,0.00317544
-806.369,128.472,-989.926,0.00329285
-775.294,79.1308,-983.903,0.00331634
-791.623,123.158,-1010.92,0.00276954
-881.26,209.739,-991.402,0.000701272
-881.745,186.814,-1017.17,0.00075386
-832.976,154.392,-1024.54,0.00119558
-815.413,135.937,-998.872,0.00312455
-814.577,136.586,-1013.48,0.00266461
-995.449,317.881,-986.854,0.00114695
-1004.74,320.415,-1003.72,0.00115454
-1020.03,305.032,-964.785,0.00348791
-1031.82,328.808,-1038.36,0.000988924
-958.058,287.033,-1008.44,0.000524417
-1069.62,369.273,-1006.73,0.00101653
-1050.54,350.204,-1004.58,0.00113656
-1056.13,362.387,-1023.77,0.0014278
-1086.09,385.864,-1001.86,0.000689285
-1121.68,431.024,-1034.31,0.00095629
-1116.23,415.691,-1012.59,0.000800186
-1139.84,449.391,-1000.82,0.00037494
-342.472,-354.372,-897.9,0.00186487
-319.817,-374.264,-906.478,0.00163053
-350.868,-372.795,-940.543,0.000610043
-488.447,-212.978,-916.595,0.000820511
-524.459,-204.117,-891.827,0.00128369
-421.933,-266.861,-956.056,0.000631572
-444.948,-255.242,-947.52,0.000688968
-556.267,-139.814,-914.239,0.0034942
-568.526,-149.152,-934.486,0.00234651
-575.845,-139.428,-932.367,0.00338472
-549.414,-156.972,-938.337,0.0013895
-536.989,-156.365,-937.996,0.00184911
-554.4,-162.602,-908.357,0.00252157
-619.364,-84.5259,-946.174,0.00236879
-637.052,-84.3263,-915.063,0.00268397
-620.395,-80.6304,-892.269,0.00167704
-633.195,-63.2953,-927.838,0.00302855
-620.431,-85.3363,-933.654,0.00258608
-577.159,-108.58,-963.722,0.00402118
-607.624,-92.9523,-916.075,0.00187479
-590.367,-119.543,-934.52,0.00352307
-582.496,-128.996,-935.022,0.00355566
-584.384,-131.868,-905.308,0.00437437
-592.556,-123.699,-910.342,0.00419295
-704.261,-12.9344,-902.768,0.00576603
-697.286,-13.5165,-918.246,0.00530026
-718.09,3.59271,-891.838,0.00744046
-647.743,-49.1827,-950.768,0.00324704
-658.317,-51.9682,-908.152,0.00334352
-655.243,-60.741,-917.803,0.00354363
-657.414,-53.6533,-928.042,0.00367025
-633.795,-64.528,-940.31,0.00313778
-677.92,-39.5874,-926.786,0.00458848
-657.762,-27.3064,-943.218,0.00406973
-662.268,-36.9686,-905.984,0.00299047
-774.875,66.9821,-954.921,0.00360226
-746.851,49.7187,-918.348,0.00427732
-777.817,54.7915,-901.49,0.00546566
-795.885,78.9818,-945.838,0.00270832
-787.128,60.9503,-896.062,0.00419184
-731.596,13.9215,-907.565,0.00600485
-746.999,52.6045,-945.521,0.00386666
-722.172,8.21634,-902.833,0.00665058
-697.664,1.91041,-935.449,0.00514087
-714.61,18.8716,-930.518,0.00510263
-711.228,7.9416,-919.292,0.00586933
-704.535,-4.78623,-912.625,0.00550383
-831.05,120.204,-907.356,0.00467343
-835.313,131.953,-904.672,0.00864162
-766.277,66.6342,-927.694,0.00406179
-804.281,87.4033,-906.915,0.00243678
-773.117,67.0178,-940.216,0.00433271
-784.89,80.8165,-923.719,0.00299695
-903.757,214.435,-960.452,0.00114057
-888.345,173.072,-932.367,0.00166196
-881.026,163.348,-934.486,0.00217107
-893.315,172.167,-896.997,0.00180535
-843.464,147.309,-945.513,0.0036507
-849.489,156.135,-937.996,0.00367692
-866.9,149.898,-908.357,0.00265643
-958.773,253.466,-937.681,0.00271023
-974.718,267.265,-911.942,0.00413362
-962.14,257.802,-923.574,0.00359842
-981.72,269.998,-945.019,0.00487452
-930.774,240.554,-931.079,0.00219007
-952.159,266.42,-963.722,0.00228087
-958.798,258.972,-883.834,0.00201348
-1058.64,342.836,-910.329,0.00188981
-1052.92,339.817,-884.483,0.00252667
-1032.11,319.631,-887.18,0.00100247
-1017.46,316.802,-904.657,0.00146461
-358.258,-374.418,-822.229,0.000440175
-323.722,-381.81,-846.684,0.000490331
-414.203,-310.416,-867.68,0.000745755
-444.037,-275.17,-826.607,0.00144158
-452.264,-273.512,-814.041,0.00121277
-400.906,-332.777,-836.362,0.000535912
-515.445,-223.261,-820.333,0.00140681
-492.319,-240.722,-855.769,0.0384022
-453.232,-253.514,-867.22,0.00224712
-450.371,-265.056,-854.304,0.00265736
-563.96,-161.445,-871.694,0.00298587
-553.627,-168.506,-873.501,0.00287493
-574.58,-158.953,-835.549,0.00129079
-537.987,-191.958,-810.53,0.00351564
-528.835,-194.089,-829.088,0.00359958
-552.539,-161.388,-893.852,0.00322793
-548.295,-168.284,-884.529,0.00299861
-568.675,-154.021,-881.293,0.00335331
-595.633,-142.51,-827.01,0.00223386
-529.379,-196.31,-886.656,0.00117557
-539.31,-185.172,-853.435,0.00230383
-544.496,-182.788,-841.993,0.00296912
-539.501,-183.262,-865.664,0.00227631
-543.789,-175.565,-874.719,0.00254397
-649.99,-64.8308,-859.891,0.00263673
-658.184,-65.5701,-852.448,0.00345265
-717.167,-0.229159,-880.137,0.00779213
-711.563,-6.11239,-870.494,0.00792115
-690.263,-17.1337,-872.023,0.00619876
-731.074,2.60877,-830.373,0.0127866
-723.573,-3.07723,-822.806,0.0129884
-716.956,-11.2958,-826.874,0.0101565
-716.905,-6.93019,-843.7,0.00769849
-711.815,-11.9811,-843.053,0.00764442
-684.704,-46.2759,-831.875,0.0043737
-682.465,-52.1745,-845.013,0.00204444
-704.365,-23.1686,-841.312,0.00802101
-697.252,-34.0072,-845.029,0.00647255
-702.157,-29.0809,-822.628,0.00965054
-684.554,-45.4856,-843.175,0.0035662
-700.034,-36.0244,-838.102,0.0070079
-654.725,-56.176,-883.53,0.00180724
-647.956,-66.504,-883.89,0.00143497
-672.227,-50.6625,-873.99,0.00342977
-662.497,-58.128,-871.559,0.00253286
-660.508,-63.6938,-832.945,0.00455187
-664.565,-59.6866,-848.248,0.00499243
-666.912,-58.1224,-830.267,0.00320884
-674.582,-53.6281,-844.98,0.00502132
-773.808,63.0536,-877.049,0.00640959
-758.23,47.1913,-892.603,0.0054683
-753.441,13.5232,-827.838,0.0137106
-763.134,30.869,-829.375,0.0136826
-756.618,27.7935,-829.285,0.0131648
-784.788,52.535,-832.294,0.0100079
-770.175,33.819,-828.461,0.0128112
-793.666,62.959,-830.332,0.00931173
-796.702,67.9061,-835.168,0.00848959
-757.791,36.766,-846.309,0.0100806
-781.464,52.3288,-841.21,0.00957975
-778.376,56.3666,-847.48,0.00854972
-774.999,50.0199,-844.718,0.00947725
-798.112,61.8083,-817.033,0.0103901
-763.169,41.5377,-847.917,0.00834634
-768.434,45.7217,-844.499,0.00926089
-725.899,9.29107,-884.237,0.00752806
-743.057,19.228,-883.038,0.00634067
-743.007,23.9525,-848.539,0.0109375
-732.941,8.6759,-855.723,0.0102305
-742.535,9.46355,-837.044,0.0125946
-722.777,0.338344,-841.55,0.0107553
-726.793,7.97504,-845.55,0.0113108
-752.319,32.2857,-843.711,0.0111111
-830.723,106.928,-841.813,0.00522663
-820.174,104.135,-847.918,0.00600787
-850.487,120.542,-810.53,0.00261041
-831.664,95.3335,-825.774,0.00585657
-856.289,136.935,-874.719,0.0056006
-845.851,119.301,-861.303,0.0065975
-837.975,109.252,-865.245,0.00677776
-803.612,73.344,-834.286,0.00776733
-806.17,80.3934,-832.676,0.00755025
-830.075,100.63,-870.455,0.00762951
-823.176,98.2436,-880.718,0.00735624
-903.849,173.432,-840.068,0.00154385
-937.59,194.053,-832.089,0.00165132
-935.175,212.88,-852.992,0.00178061
-883.246,159.337,-865.384,0.00298224
-876.46,151.055,-871.694,0.00358263
-866.127,143.994,-873.501,0.00540186
-838.632,138.617,-894.472,0.00949804
-865.039,151.112,-893.852,0.00314057
-860.795,144.216,-884.529,0.00541479
-881.175,158.479,-881.293,0.00340415
-990.517,272.762,-863.069,0.00168571
-963.899,240.407,-844.486,0.00169574
-984.282,259.443,-840.434,0.00150881
-965.587,239.017,-829.879,0.00162718
-940.359,220.493,-836.756,0.00219811
-1023.86,300.365,-878.57,0.000693098
-992.778,269.049,-848.807,0.00160392
-398.572,-335.993,-769.462,0.000443437
-384.67,-336.251,-788.329,0.000315818
-315.795,-431.399,-794.408,0.000176476
-429.272,-327.338,-802.378,0.000530449
-415.44,-331.356,-819.177,0.000403779
-428.98,-298.601,-761.097,0.000646947
-441.769,-302.126,-754.437,0.000496683
-498.538,-232.123,-804.521,0.00137437
-508.63,-233.962,-771.106,0.00164889
-518.809,-223.86,-772.4,0.00181268
-519.829,-212.84,-800.354,0.00209575
-465.427,-261.513,-806.951,0.00145208
-501.47,-258.896,-780.967,0.00106862
-468.597,-279.762,-789.737,0.000949479
-466.07,-283.626,-775.774,0.000846669
-451.968,-288.202,-779.241,0.000845071
-612.699,-133.953,-813.13,0.00206902
-542.922,-202.871,-760.823,0.00364622
-547.012,-194.852,-775.096,0.0029315
-597.092,-161.212,-749.315,0.00262326
-560.984,-182.646,-751.563,0.00327484
-599.637,-151.271,-771.889,0.00275368
-617.211,-115.373,-764.234,0.00571997
-630.187,-103.399,-780.418,0.00534431
-638.445,-105.391,-773.332,0.00667548
-618.229,-119.932,-789.61,0.00352212
-641.777,-101.514,-796.583,0.00446744
-610.866,-129.536,-771.347,0.00433983
-617.236,-120.614,-753.022,0.00544632
-637.285,-99.7586,-809.099,0.00334748
-672.012,-68.9285,-808.32,0.00911183
-650.401,-97.0177,-768.76,0.00638458
-641.406,-95.2311,-803.197,0.00382625
-650.588,-93.2428,-785.814,0.00538316
-661.539,-78.7185,-808.25,0.00640011
-654.477,-79.6317,-810.929,0.00529046
-663.414,-81.4586,-774.579,0.00705586
-661.927,-81.59,-786.749,0.0078267
-648.859,-84.6337,-810.386,0.00393049
-645.489,-90.6255,-807.792,0.00398425
-657.584,-82.9809,-792.52,0.00755212
-669.527,-63.7096,-790.055,0.0112512
-650.654,-88.7953,-792.096,0.00567584
-605.653,-143.396,-779.085,0.00272984
-731.083,-16.658,-754.852,0.0260432
-733.434,-12.4263,-760.242,0.0262055
-741.06,1.4846,-804.605,0.0175929
-731.018,-10.9078,-789.658,0.019897
-748.789,-0.458284,-757.252,0.0257072
-745.712,-3.095,-763.611,0.0261075
-736.504,-3.59451,-807.845,0.0165303
-729.329,-8.0657,-804.653,0.0161472
-728.451,-14.0744,-774.378,0.0215116
-722.483,-18.966,-787.838,0.0188227
-727.671,-12.4278,-781.809,0.020983
-712.98,-28.9968,-812.395,0.010487
-723.195,-12.4778,-802.325,0.0171051
-690.446,-63.6708,-757.239,0.0137913
-723.049,-21.3634,-756.582,0.0227353
-693.877,-51.0355,-764.279,0.0152222
-706.238,-38.5,-786.117,0.0149813
-690.461,-50.4281,-785.106,0.014126
-710.954,-35.0117,-767.641,0.0153773
-714.251,-26.3367,-793.263,0.0163184
-700.434,-41.6173,-790.109,0.0143201
-696.643,-52.7397,-750.216,0.0158325
-700.899,-46.9143,-749.493,0.0177345
-717.386,-21.3301,-771.852,0.0175076
-682.57,-50.1641,-813.777,0.0102419
-717.375,-16.863,-801.244,0.0159926
-693.252,-47.2343,-777.192,0.0165135
-696.236,-41.0958,-774.705,0.0161584
-707.282,-28.1417,-797.265,0.0145823
-716.93,-10.4045,-814.281,0.0130059
-689.377,-40.8104,-803.98,0.0124782
-681.648,-52.9633,-789.803,0.0127774
-674.171,-58.2568,-787.991,0.0116877
-677.36,-62.8217,-772.914,0.013691
-686.159,-58.7015,-772.737,0.0145224
-703.638,-38.4514,-805.985,0.012948
-690.444,-38.2078,-818.855,0.0106634
-687.104,-46.9033,-798.483,0.0130002
-678.969,-59.4861,-802.521,0.0106214
-665.364,-75.952,-813.984,0.00581675
-667.157,-71.044,-822.847,0.00663286
-679.304,-57.2447,-815.713,0.0100351
-669.686,-68.6023,-796.822,0.0107219
-666.571,-76.8346,-766.986,0.00701542
-670.108,-69.2193,-770.653,0.00965775
-686.49,-44.3489,-816.507,0.0105677
-664.845,-69.6409,-791.188,0.0101209
-816.64,76.4848,-760.903,0.00708287
-802.831,53.3702,-770.582,0.00805148
-805.009,64.1829,-791.44,0.00937314
-759.664,23.1939,-772.832,0.0229311
-768.153,27.6454,-769.867,0.0220858
-765.441,22.07,-758.771,0.023284
-772.263,25.1204,-752.615,0.021963
-753.71,6.73307,-754.686,0.0234838
-758.065,13.5121,-749.946,0.0273078
-757.945,9.52703,-765.964,0.0253374
-753.566,11.4994,-773.759,0.0251409
-750.704,18.2289,-790.367,0.0191252
-754.833,23.3449,-801.499,0.0170938
-761.062,27.0112,-802.318,0.0174163
-759.135,22.0829,-815.708,0.0147122
-793.379,60.9599,-802.862,0.0120449
-793.867,47.184,-764.508,0.0163092
-788.391,46.1701,-754.942,0.018703
-786.456,46.8788,-815.914,0.0125141
-780.604,41.883,-817.996,0.0127887
-777.25,30.7744,-779.244,0.018448
-767.805,33.2341,-799.275,0.0170411
-765.483,32.4888,-808.313,0.016453
-776.609,31.4651,-764.812,0.0193195
-782.385,45.3597,-790.17,0.0151497
-782.426,48.7628,-796.781,0.014059
-764.651,35.7561,-814.79,0.0149719
-780.065,38.23,-785.059,0.0175221
-797.107,61.717,-809.539,0.0118762
-773.253,37.8778,-800.398,0.0159162
-779.098,44.718,-803.719,0.014332
-781.349,38.7725,-750.837,0.0183269
-792.117,51.4129,-785.094,0.0130118
-797.012,59.1959,-788.779,0.0118299
-762.076,28.8861,-784.586,0.0190739
-783.202,41.3996,-771.973,0.0172645
-744.325,11.6913,-795.793,0.0184019
-740.62,9.37555,-821.033,0.0147961
-741.883,4.53856,-815.113,0.0165072
-745.573,10.9974,-815.321,0.0156783
-737.97,-4.87502,-775.154,0.0234978
-749.812,11.6348,-809.064,0.0159518
-743.667,9.5763,-779.615,0.0209179
-738.751,5.1982,-783.203,0.0202331
-757.421,23.878,-787.321,0.0198621
-837.765,103.555,-818.89,0.00631388
-886.335,146.233,-776.689,0.00531112
-867.763,120.029,-771.891,0.00546874
-863.673,112.009,-757.619,0.00733276
-832.004,100.263,-779.914,0.00624053
-840.72,108.663,-782.505,0.00772812
-850.264,108.978,-799.327,0.00601481
-845.543,116.904,-774.904,0.00696324
-861.908,125.239,-798.704,0.00406153
-832.756,99.1209,-764.361,0.00573234
-869.863,140.292,-799.403,0.00296083
-873.484,129.854,-751.563,0.00615906
-816.938,76.0496,-811.246,0.00785722
-952.715,220.88,-772.828,0.00904208
-942.17,201.635,-800.952,0.00445802
-903.58,162.352,-777.975,0.00656451
-893.331,144.997,-790.501,0.00536175
-977.903,251.013,-798.093,0.00212161
-986.339,248.075,-780.835,0.00238512
-964.639,229.571,-772.423,0.00829771
-952.039,229.438,-798.804,0.00578293
-1074.71,318.281,-799.355,0.00066414
-420.551,-351.38,-723.705,0.000628583
-401.539,-365.642,-725.818,0.000503705
-458.608,-293.49,-759.127,0.000744911
-573.525,-198.66,-683.366,0.00400323
-562.82,-215.085,-676.795,0.00398801
-543.658,-226.131,-694.306,0.00263656
-550.64,-205.744,-746.927,0.00297875
-524.831,-213.088,-737.46,0.00163651
-531.391,-234.956,-689.65,0.00245542
-530.047,-230.357,-703.698,0.00181636
-519.749,-243.726,-687.489,0.0019087
-499.565,-266.283,-679.53,0.000885301
-624.347,-141.396,-683.339,0.00237511
-574.835,-175.357,-731.099,0.0037121
-567.637,-179.121,-741.891,0.00372905
-562.791,-187.223,-718.327,0.00325633
-584.767,-174.499,-716.001,0.00360871
-596.025,-166.36,-701.026,0.00322901
-591.153,-178.331,-705.545,0.0030031
-562.537,-195.354,-699.752,0.00305999
-604.031,-156.88,-688.779,0.00303228
-599.802,-174.506,-671.849,0.00450871
-578.909,-191.906,-674.713,0.00498265
-573.3,-191.717,-694.127,0.00370652
-568.705,-187.875,-707.497,0.00365599
-689.985,-73.3335,-730.35,0.0115673
-673.198,-78.9798,-734.168,0.0102256
-676.139,-72.6078,-735.581,0.0106148
-689.57,-63.4976,-741.581,0.0137286
-679.044,-80.7743,-723.182,0.0098047
-709.929,-66.5346,-677.751,0.00822985
-678.449,-76.9962,-708.567,0.00945664
-700.078,-66.8155,-684.855,0.00884692
-687.924,-79.5893,-690.396,0.0071429
-687.892,-80.6167,-681.695,0.00643671
-691.97,-75.228,-695.313,0.00788934
-654.52,-103.731,-752.318,0.00558457
-626.644,-126.351,-730.242,0.00674345
-639.036,-118.963,-729.288,0.00511651
-625.098,-119.644,-740.716,0.00673392
-652.828,-105.709,-718.862,0.00243399
-658.812,-93.9848,-749.626,0.00450391
-661.453,-89.1303,-743.858,0.00479658
-667.884,-85.9932,-730.348,0.00809295
-667.639,-88.7452,-723.64,0.00752746
-659.106,-96.0439,-724.26,0.0032043
-666.518,-96.9785,-691.31,0.0047183
-667.933,-92.67,-680.342,0.00406615
-674.303,-83.1064,-707.109,0.00853777
-673.431,-84.1356,-714.485,0.00949887
-678.162,-78.4176,-716.04,0.0104571
-659.419,-94.524,-713.506,0.00452012
-676.599,-90.824,-696.847,0.00607125
-601.656,-135.785,-741.68,0.00559214
-757.23,-2.53666,-699.77,0.0185746
-763.206,-2.93735,-695.042,0.0182209
-762.456,-11.3052,-681.187,0.0157958
-765.633,0.0746735,-716.375,0.0201124
-750.935,-9.38195,-690.025,0.0167835
-735.896,-6.8122,-746.339,0.0307473
-747.292,-13.5418,-732.631,0.0311789
-746.642,-11.5176,-725.476,0.0323166
-736.038,-21.4593,-742.651,0.0264838
-729.232,-30.9186,-734.125,0.0229199
-730.78,-29.7426,-693.737,0.0154961
-734.994,-25.0747,-698.621,0.0167435
-742.542,-10.0523,-719.32,0.0235044
-739.563,-16.3608,-716.574,0.0228683
-745.771,-17.0945,-705.758,0.0187046
-750.708,-9.4215,-709.841,0.0226101
-734.614,-23.2792,-713.328,0.019422
-724.247,-43.7502,-687.77,0.0127574
-729.427,-28.1892,-715.414,0.0197272
-737.86,-26.5819,-683.868,0.0143882
-744.999,-21.0495,-682.392,0.015307
-731.777,-30.6754,-686.327,0.0142874
-729.134,-18.9423,-726.475,0.0229568
-708.296,-47.6113,-727.421,0.0150068
-705.274,-50.201,-733.725,0.015815
-699.057,-54.43,-735.114,0.0156067
-703.08,-47.5029,-742.403,0.0180691
-691.861,-68.2357,-725.331,0.0119173
-694.862,-57.2538,-729.562,0.0139026
-720.263,-26.3509,-745.153,0.0218669
-693.283,-57.9944,-744.812,0.0149784
-710.838,-37.3579,-737.628,0.0178455
-710.921,-48.4034,-711.734,0.0145353
-723.51,-32.3928,-704.938,0.0167616
-715.526,-42.1976,-696.973,0.0138081
-710.323,-47.6335,-697.147,0.0130162
-704.727,-52.4888,-698.968,0.0118677
-718.796,-36.6614,-708.614,0.0164646
-690.439,-66.154,-703.12,0.0101963
-717.011,-50.0547,-684.743,0.0112193
-696.271,-63.7567,-716.625,0.0117205
-701.884,-59.3852,-715.198,0.012581
-711.827,-40.8593,-723.835,0.0171671
-703.75,-59.623,-695.418,0.0101942
-692.641,-68.2196,-682.718,0.00827523
-720.942,-32.8032,-720.447,0.0199087
-684.963,-69.1507,-745.281,0.0135043
-666.829,-73.317,-751.845,0.00726465
-683.442,-71.1802,-707.081,0.00972206
-805.67,27.3212,-693.008,0.0133088
-827.151,73.3933,-701.69,0.0106577
-806.44,50.1221,-722.95,0.011708
-776.61,23.7245,-746.597,0.0200959
-775.579,19.6852,-732.629,0.0200095
-771.233,14.7522,-736.122,0.0212918
-753.783,0.95254,-749.991,0.0292587
-755.655,3.85738,-727.372,0.0224258
-757.744,8.51586,-734.117,0.0222538
-781.282,24.4428,-732.547,0.0182879
-782.502,17.0464,-712.186,0.0144224
-779.954,22.7661,-693.786,0.0152368
-765.962,13.0948,-722.475,0.0195013
-772.37,17.0067,-721.521,0.0183193
-776.484,13.7204,-683.315,0.0123329
-795.384,42.9198,-727.752,0.0169848
-795.739,51.8445,-740.08,0.0179531
-791.883,47.471,-744.998,0.0190579
-792.506,35.5413,-710.701,0.0179432
-779.691,25.7813,-719.972,0.017588
-795.316,31.9025,-698.755,0.0189537
-792.205,37.4304,-703.736,0.0168707
-895.897,126.108,-685.189,0.00477447
-900.17,137.758,-683.833,0.00463097
-902.44,135.173,-695.996,0.00505544
-828.231,88.1916,-742.788,0.00730451
-858.513,105.129,-741.229,0.00830952
-863.913,115.619,-723.473,0.00743589
-875.291,125.277,-718.327,0.00692204
-834.015,70.9483,-724.265,0.00913462
-865.594,109.672,-701.877,0.00799361
-857.371,100.589,-704.661,0.00842367
-858.257,93.0357,-684.75,0.00960642
-853.528,92.2113,-696.141,0.0097504
-885.8,120.783,-694.127,0.00667453
-881.296,114.186,-684.628,0.00879803
-881.205,124.625,-707.497,0.00744935
-867.039,102.29,-681.646,0.0100226
-877.708,103.141,-673.266,0.00865536
-969.666,211.69,-687.998,0.00154276
-941.684,196.195,-735.297,0.00136996
-948.65,188.383,-676.587,0.00295136
-942.431,176.059,-681.701,0.00359683
-941.239,183.751,-727.067,0.00328573
-943.766,174.077,-715.225,0.00423084
-942.119,167.969,-694.21,0.00407734
-933.009,157.811,-700.69,0.00456062
-959.624,188.27,-703.128,0.00298926
-931.517,177.056,-736.626,0.00355735
-921.039,165.631,-731.706,0.00414682
-907.147,158.846,-730.613,0.00434315
-893.949,152.15,-749.2,0.00454282
-897.267,138.001,-716.001,0.00532608
-887.335,137.143,-731.099,0.0055809
-880.137,133.379,-741.891,0.00566985
-992.314,225.398,-690.071,0.00185537
-973.236,220.587,-743.57,0.00399954
-986.269,226.738,-743.75,0.00338575
-990.967,229.978,-701.626,0.00195147
-993.462,241.824,-760.374,0.00266012
-426.861,-368.25,-635.736,0.00020351
-386.296,-398.083,-661.615,0.000256245
-553.71,-225.243,-683.275,0.00340896
-541.902,-238.149,-633.757,0.00187318
-577.564,-206.829,-617.341,0.00205357
-581.181,-207.192,-633.586,0.00590807
-559.512,-214.202,-636.881,0.00230803
-540.342,-234.856,-648.618,0.00202154
-653.214,-138.14,-610.312,0.0029991
-605.087,-166.519,-613.656,0.00258643
-600.278,-174.999,-621.192,0.00197895
-600.383,-186.908,-624.497,0.00198641
-611.431,-170.902,-669.757,0.00374454
-593.255,-179.677,-630.781,0.00253686
-587.574,-187.867,-642.416,0.00524188
-581.349,-187.203,-663.669,0.00449111
-684.431,-86.3207,-662.545,0.00258268
-689.871,-81.7485,-667.072,0.00372645
-689.785,-80.0512,-674.422,0.00620603
-701.228,-73.1713,-668.221,0.00600944
-645.386,-140.32,-636.645,0.00237811
-652.713,-130.499,-638.421,0.00173497
-672.872,-88.4618,-676.384,0.00465789
-782.944,-12.9584,-620.549,0.00712777
-777.728,-16.7002,-631.188,0.00898974
-755.609,-36.2864,-613.006,0.00521996
-766.784,-25.1867,-608.161,0.00524204
-756.927,-29.9424,-624.809,0.0087006
-774.48,-2.73545,-662.435,0.0131275
-769.825,-8.46234,-665.158,0.0129889
-757.665,-11.7538,-658.19,0.0115823
-765.514,-9.18832,-652.78,0.0117711
-767.796,-6.34958,-678.798,0.0153074
-725.846,-52.414,-629.2,0.00431863
-718.544,-57.7806,-616.83,0.00452622
-746.956,-33.403,-630.864,0.00878658
-744.855,-30.3409,-656.54,0.00953268
-732.15,-44.0435,-659.642,0.00871703
-726.227,-48.0037,-660.809,0.00809825
-747.069,-28.9488,-667.371,0.0105329
-741.719,-34.0848,-670.266,0.0109127
-748.671,-25.6067,-660.926,0.0100241
-727.602,-40.8716,-673.447,0.0102966
-724.602,-44.7017,-680.25,0.0112984
-748.97,-17.8256,-676.634,0.0146445
-721.395,-55.9924,-673.948,0.0092421
-709.77,-60.6286,-656.129,0.00667321
-701.313,-70.7344,-656.163,0.00709773
-703.22,-63.5759,-655.424,0.00586847
-718.987,-56.2207,-666.403,0.00693656
-720.606,-53.2032,-659.983,0.0062278
-849.309,72.7745,-676.876,0.0102864
-827.481,61.805,-656.069,0.00838676
-810.552,38.8942,-651.871,0.00450029
-803.662,12.8516,-609.484,0.00679174
-794.246,5.29878,-609.8,0.00736106
-795.711,7.04364,-621.652,0.00815204
-799.82,25.9011,-639.102,0.00575635
-797.436,18.7776,-650.076,0.00579842
-793.492,3.1469,-632.951,0.00869694
-797.866,27.0761,-668.288,0.0073379
-815.206,34.826,-627.262,0.00366655
-820.035,41.693,-640.439,0.00342769
-805.056,28.489,-627.697,0.00481144
-788.585,14.7901,-658.833,0.00955125
-777.86,3.60674,-661.341,0.0114703
-780.948,10.2129,-662.244,0.0120673
-781.665,18.3587,-677.9,0.0131422
-787.704,24.0316,-678.963,0.0125874
-772.975,-0.10038,-678.1,0.0139943
-842.71,71.8828,-651.698,0.00846431
-854.229,82.3432,-652.231,0.010798
-865.198,88.1247,-651.593,0.00934741
-832.258,73.5057,-658.776,0.00887933
-887.82,109.549,-663.351,0.00496066
-824.918,66.4259,-680.696,0.00922448
-1017.98,212.557,-607.088,0.000958562
-960.93,169.662,-621.943,0.00144108
-975.89,184.054,-616.928,0.00150657
-961.407,201.458,-665.734,0.00222262
-983.609,197.975,-608.975,0.001275
-935.939,155.25,-635.308,0.00132181
-1032.39,244.314,-671.167,0.000772726
-406.287,-405.743,-563.735,0.000162334
-360.574,-421.739,-561.573,0.000128128
-395.837,-389.891,-611.266,0.000187533
-551.867,-234.853,-605.484,0.00120237
-547.166,-243.316,-594.703,0.00112323
-582.081,-210.777,-539.102,0.000772066
-557.077,-252.919,-570.302,0.000810151
-543.464,-271.837,-553.249,0.000512742
-535.646,-255.738,-583.69,0.000978191
-531.099,-252.727,-598.164,0.00092372
-525.527,-262.702,-575.307,0.000755091
-512.726,-268.134,-580.862,0.000491141
-613.361,-166.113,-563.757,0.00244724
-625.13,-164.591,-559.293,0.0023618
-606.088,-176.907,-590.961,0.00287822
-634.451,-157.604,-564.373,0.00283352
-637.438,-149.424,-579.146,0.0032703
-629.81,-159.562,-582.122,0.00371029
-658.179,-135.444,-577.623,0.00305095
-640.758,-158.974,-553.382,0.00205422
-642.845,-153.037,-601.916,0.00277825
-626.138,-164.424,-598.743,0.00322318
-633.066,-158.927,-607.276,0.00271885
-699.125,-110.006,-557.167,0.00129672
-647.992,-148.838,-555.661,0.00226852
-655.696,-133.367,-558.197,0.0032224
-661.645,-135.074,-601.627,0.00318663
-663.415,-121.336,-557.955,0.0022519
-679.77,-124.464,-576.606,0.00186809
-768.555,-14.8194,-573.594,0.00328732
-790.202,-1.67937,-599.952,0.00565972
-770.477,-15.9946,-600.314,0.00457768
-838.958,31.1698,-552.817,0.00256399
-825.066,20.1494,-570.563,0.00288862
-840.775,58.3504,-578.606,0.00357772
-839.15,51.5504,-568.253,0.00360331
-849.076,64.813,-571.762,0.00402592
-857.791,72.624,-575.817,0.00634229
-868.273,72.1345,-556.741,0.00391954
-787.124,-5.36419,-572.424,0.00247892
-818.986,14.7152,-560.949,0.00215705
-822.137,35.4877,-584.096,0.00374197
-902.816,115.121,-576.406,0.000897803
-876.531,83.9236,-563.65,0.00118659
-881.658,94.9274,-567.589,0.000970168
-976.275,180.463,-575.502,0.00220671
-980.729,183.831,-539.38,0.00241185
-971.309,172.715,-539.743,0.00292368
-975.488,182.032,-553.235,0.00240867
-957.081,164.223,-539.102,0.00362004
-939.397,154.31,-548.757,0.00336154
-945.939,155.204,-534.994,0.0036614
-957.578,164.083,-599.505,0.00108547
-951.425,158.81,-612.221,0.00130128
-1138.49,344.013,-552.525,0.000190863
-442.582,-372.696,-490.991,0.000158927
-441.001,-361.679,-509.481,0.000156269
-459.885,-341.544,-521.956,0.000140727
-491.651,-329.182,-493.622,0.000145452
-508.654,-291.719,-532.67,0.000209709
-526.883,-275.606,-525.895,0.000230649
-476.201,-335.027,-508.739,0.000167369
-471.855,-341.584,-485.844,0.00016781
-546.561,-269.485,-472.474,0.000203687
-543.854,-266.378,-515.828,0.000326731
-532.02,-274.786,-494.877,0.000210605
-516.241,-283.505,-518.589,0.000219657
-654.082,-150.39,-472.735,0.000727386
-669.409,-135.139,-492.472,0.00115192
-698.106,-129.322,-486.14,0.00117577
-699.036,-105.513,-504.625,0.00117997
-818.089,3.45133,-531.365,0.00225138
-816.899,11.0075,-502.135,0.0033286
-808.606,-1.21271,-499.219,0.00369094
-804.492,-13.3638,-490.916,0.00392899
-754.604,-49.0631,-489.845,0.00382065
-799.423,-26.2822,-485.691,0.00457787
-748.856,-59.0589,-480.024,0.00310388
-736.721,-66.7483,-491.922,0.00381206
-881.841,68.1932,-508.467,0.00313195
-843.94,14.5439,-475.626,0.00320492
-854.786,59.3899,-547.196,0.00357191
-826.885,22.6397,-499.161,0.00368929
-921.561,105.515,-472.474,0.00256216
-929.989,114.851,-482.242,0.00280118
-950.5,138.472,-511.023,0.00355207
-939.126,132.278,-518.148,0.00324997
-961.87,146.236,-465.049,0.00151328
-929.228,118.442,-511.657,0.00303128
-907.02,100.214,-494.877,0.00323416
-897.591,91.6771,-502.227,0.00324241
-901.883,99.3936,-525.895,0.00230463
-891.051,80.6048,-478.946,0.002917
-880.646,69.7329,-479.295,0.00312149
-869.455,60.0224,-482.936,0.00274509
-883.654,83.2814,-532.67,0.00252249
-869.22,70.2169,-545.692,0.00341063
-986.412,159.125,-475.085,0.00195207
-974.46,159.927,-484.54,0.00237063
-979.601,160.969,-510.106,0.00259221
-951.541,130.811,-496.517,0.00347254
-961.416,146.157,-504.682,0.00391141
-1181.58,401.853,-521.981,0.000125908
-408.216,-426.345,-455.002,6.81E-05
-427.393,-415.588,-451.204,9.86E-05
-448.393,-382.316,-469.585,0.000117308
-406.611,-388.568,-477.809,0.000119394
-382.756,-433.788,-426.542,7.06E-05
-566.772,-240.754,-410.145,0.000154102
-582.439,-225.333,-408.336,0.000185957
-672.905,-163.22,-398.47,0.000348946
-711.995,-109.077,-464.814,0.00109684
-820.894,-19.4717,-466.04,0.0038449
-835.848,5.82133,-465.792,0.00325889
-827.644,-6.46455,-462.333,0.00390787
-803.277,-19.5822,-437.312,0.00268602
-783.423,-25.1446,-457.426,0.00346556
-806.81,-19.3228,-460.623,0.00452132
-837.636,10.7365,-445.806,0.00230368
-863.757,44.12,-416.845,0.00146743
-999.777,154.98,-463.16,0.00124944
-975.532,145.958,-458.496,0.00146809
-935.721,111.836,-452.736,0.00127768
-923.554,103.649,-457.653,0.00194985
-1093.39,281.573,-434.866,0.000164371
-1144.94,337.167,-408.336,0.000112988
-1241.63,408.227,-439.196,8.33E-05
-486.295,-389.561,-351.807,6.99E-05
-539.855,-315.175,-343.682,6.94E-05
-528.649,-326.195,-323.341,7.55E-05
-553.651,-308.45,-360.47,0.000119488
-511.818,-307.855,-404.568,0.00012154
-632.876,-221.806,-373.507,0.000192619
-576.654,-253.883,-369.159,0.000124721
-596.997,-245.096,-371.738,0.000193768
-662.177,-208.789,-334.247,0.000178854
-861.777,21.0894,-366.06,0.000763222
-805.844,-18.3134,-379.148,0.000941776
-774.026,-51.9189,-361.374,0.000666887
-808.29,-42.1211,-343.128,0.000613079
-901.238,69.2775,-364.958,0.000598256
-915.341,86.4282,-365.049,0.000530065
-835.867,-9.88386,-350.378,0.000670922
-824.024,-12.7162,-368.55,0.000698098
-885.376,54.1229,-369.283,0.000902874
-892.507,51.4411,-398.665,0.00204953
-869.02,39.5642,-375.278,0.000980104
-963.652,114.172,-348.209,0.000296262
-993.316,136.698,-327.481,0.000249214
-976.972,120.348,-365.792,0.000393014
-954.972,119.56,-369.746,0.000290645
-931.705,118.091,-386.218,0.000560452
-1048.79,172.939,-351.807,0.000215711
-1006.69,153.538,-324.949,0.00019071
-1091.15,236.305,-323.341,0.000116729
-519.975,-337.085,-305.329,5.53E-05
-510.778,-346.39,-287.411,5.69E-05
-503.431,-354.713,-267.62,4.49E-05
-502.424,-358.495,-244.804,4.03E-05
-469.709,-376.551,-305.102,4.88E-05
-596.653,-268.039,-294.058,9.93E-05
-656.537,-230.51,-259.733,8.74E-05
-636.984,-224.918,-298.222,9.78E-05
-640.32,-242.817,-268.704,9.88E-05
-708.518,-170.782,-249.031,0.000120862
-704.867,-137.738,-305.757,0.000228381
-647.32,-205.994,-291.904,0.000130792
-794.281,-82.1653,-313.629,0.000413981
-757.137,-109.776,-308.492,0.000356738
-774.325,-97.2692,-317.731,0.000449913
-785.324,-81.024,-267.528,0.000247154
-767.239,-93.9875,-270.099,0.000266879
-715.712,-124.868,-321.556,0.000305393
-835.85,-16.1983,-327.755,0.00046508
-842.016,-18.2942,-306.169,0.000382891
-829.986,-38.4987,-276.136,0.000189449
-844.695,-23.7941,-285.198,0.000239189
-937.479,75.8139,-295.094,0.000231391
-910.949,37.9695,-291.918,0.000193463
-909.711,24.3653,-274.084,0.000199841
-927.877,67.8198,-276.201,0.000195352
-1053.37,190.309,-259.609,8.74E-05
-1064.92,204.005,-244.804,7.45E-05
-1032.21,185.949,-305.102,0.00014589
-628.531,-261.651,-265.725,7.96E-05
-643.138,-240.453,-244.4,6.18E-05
-635.428,-242.864,-223.801,6.88E-05
-716.941,-163.42,-204.733,7.73E-05
-678.886,-206.357,-229.157,7.81E-05
-792.552,-80.401,-194.294,0.000100785
-811.555,-71.1714,-188.052,8.88E-05
-793.01,-80.3572,-216.95,0.000148431
-769.042,-110.765,-217.444,0.000127223
-780.796,-95.2647,-228.307,0.00017092
-751.334,-123.472,-219.637,0.000121576
-752.594,-103.417,-257.125,0.000203791
-731.745,-130.71,-228.265,0.000116513
-814.18,-52.5208,-268.729,0.000182356
-800.675,-67.3799,-259.059,0.000221266
-995.168,129.043,-216.939,8.98E-05
-1022,147.28,-188.645,6.80E-05
-1157.25,291.572,-203.104,5.06E-05
-398.911,-501.4,-143.476,2.04E-05
-474.001,-414.364,-171.876,1.46E-05
-819.413,-75.7444,-166.999,7.38E-05
-764.702,-114.695,-174.092,6.28E-05
-785.062,-105.54,-163.669,5.91E-05
-778.942,-96.2257,-183.392,9.55E-05
-748.046,-129.924,-176.531,7.02E-05
-949.031,86.495,-175.556,8.18E-05
-978.353,75.9383,-143.747,5.70E-05
