,id,cumsum,unixtime,country,date
0,909,1,1579651200000,JAPAN,2020-01-22
1,1371,1,1579651200000,REPUBLIC OF KOREA,2020-01-22
2,1737,4,1579651200000,THAILAND,2020-01-22
3,1894,1,1579651200000,UNITED STATES OF AMERICA,2020-01-22
4,348,574,1579737600000,CHINA,2020-01-23
5,910,1,1579737600000,JAPAN,2020-01-23
6,1372,1,1579737600000,REPUBLIC OF KOREA,2020-01-23
7,1738,4,1579737600000,THAILAND,2020-01-23
8,1895,1,1579737600000,UNITED STATES OF AMERICA,2020-01-23
9,349,835,1579824000000,CHINA,2020-01-24
10,911,1,1579824000000,JAPAN,2020-01-24
11,1373,2,1579824000000,REPUBLIC OF KOREA,2020-01-24
12,1531,1,1579824000000,SINGAPORE,2020-01-24
13,1739,4,1579824000000,THAILAND,2020-01-24
14,1896,1,1579824000000,UNITED STATES OF AMERICA,2020-01-24
15,1944,2,1579824000000,VIET NAM,2020-01-24
16,64,3,1579910400000,AUSTRALIA,2020-01-25
17,350,1297,1579910400000,CHINA,2020-01-25
18,556,3,1579910400000,FRANCE,2020-01-25
19,912,3,1579910400000,JAPAN,2020-01-25
20,1138,1,1579910400000,NEPAL,2020-01-25
21,1374,2,1579910400000,REPUBLIC OF KOREA,2020-01-25
22,1532,3,1579910400000,SINGAPORE,2020-01-25
23,1740,4,1579910400000,THAILAND,2020-01-25
24,1897,2,1579910400000,UNITED STATES OF AMERICA,2020-01-25
25,1945,2,1579910400000,VIET NAM,2020-01-25
26,65,4,1579996800000,AUSTRALIA,2020-01-26
27,351,1985,1579996800000,CHINA,2020-01-26
28,557,3,1579996800000,FRANCE,2020-01-26
29,913,3,1579996800000,JAPAN,2020-01-26
30,1044,3,1579996800000,MALAYSIA,2020-01-26
31,1139,1,1579996800000,NEPAL,2020-01-26
32,1375,2,1579996800000,REPUBLIC OF KOREA,2020-01-26
33,1533,4,1579996800000,SINGAPORE,2020-01-26
34,1741,5,1579996800000,THAILAND,2020-01-26
35,1898,2,1579996800000,UNITED STATES OF AMERICA,2020-01-26
36,1946,2,1579996800000,VIET NAM,2020-01-26
37,66,4,1580083200000,AUSTRALIA,2020-01-27
38,295,1,1580083200000,CANADA,2020-01-27
39,352,2761,1580083200000,CHINA,2020-01-27
40,558,3,1580083200000,FRANCE,2020-01-27
41,914,4,1580083200000,JAPAN,2020-01-27
42,1045,4,1580083200000,MALAYSIA,2020-01-27
43,1140,1,1580083200000,NEPAL,2020-01-27
44,1376,3,1580083200000,REPUBLIC OF KOREA,2020-01-27
45,1534,4,1580083200000,SINGAPORE,2020-01-27
46,1742,5,1580083200000,THAILAND,2020-01-27
47,1899,5,1580083200000,UNITED STATES OF AMERICA,2020-01-27
48,1947,2,1580083200000,VIET NAM,2020-01-27
49,67,5,1580169600000,AUSTRALIA,2020-01-28
50,245,1,1580169600000,CAMBODIA,2020-01-28
51,296,2,1580169600000,CANADA,2020-01-28
52,353,4537,1580169600000,CHINA,2020-01-28
53,559,3,1580169600000,FRANCE,2020-01-28
54,621,1,1580169600000,GERMANY,2020-01-28
55,915,6,1580169600000,JAPAN,2020-01-28
56,1046,4,1580169600000,MALAYSIA,2020-01-28
57,1141,1,1580169600000,NEPAL,2020-01-28
58,1377,4,1580169600000,REPUBLIC OF KOREA,2020-01-28
59,1535,7,1580169600000,SINGAPORE,2020-01-28
60,1637,1,1580169600000,SRI LANKA,2020-01-28
61,1743,14,1580169600000,THAILAND,2020-01-28
62,1900,5,1580169600000,UNITED STATES OF AMERICA,2020-01-28
63,1948,2,1580169600000,VIET NAM,2020-01-28
64,68,7,1580256000000,AUSTRALIA,2020-01-29
65,246,1,1580256000000,CAMBODIA,2020-01-29
66,297,3,1580256000000,CANADA,2020-01-29
67,354,5997,1580256000000,CHINA,2020-01-29
68,560,4,1580256000000,FRANCE,2020-01-29
69,622,4,1580256000000,GERMANY,2020-01-29
70,916,7,1580256000000,JAPAN,2020-01-29
71,1047,4,1580256000000,MALAYSIA,2020-01-29
72,1142,1,1580256000000,NEPAL,2020-01-29
73,1378,4,1580256000000,REPUBLIC OF KOREA,2020-01-29
74,1536,7,1580256000000,SINGAPORE,2020-01-29
75,1638,1,1580256000000,SRI LANKA,2020-01-29
76,1744,14,1580256000000,THAILAND,2020-01-29
77,1810,4,1580256000000,UNITED ARAB EMIRATES,2020-01-29
78,1901,5,1580256000000,UNITED STATES OF AMERICA,2020-01-29
79,1949,2,1580256000000,VIET NAM,2020-01-29
80,69,7,1580342400000,AUSTRALIA,2020-01-30
81,247,1,1580342400000,CAMBODIA,2020-01-30
82,298,3,1580342400000,CANADA,2020-01-30
83,355,7736,1580342400000,CHINA,2020-01-30
84,514,1,1580342400000,FINLAND,2020-01-30
85,561,5,1580342400000,FRANCE,2020-01-30
86,623,4,1580342400000,GERMANY,2020-01-30
87,712,1,1580342400000,INDIA,2020-01-30
88,917,11,1580342400000,JAPAN,2020-01-30
89,1048,7,1580342400000,MALAYSIA,2020-01-30
90,1143,1,1580342400000,NEPAL,2020-01-30
91,1299,1,1580342400000,PHILIPPINES,2020-01-30
92,1379,4,1580342400000,REPUBLIC OF KOREA,2020-01-30
93,1537,10,1580342400000,SINGAPORE,2020-01-30
94,1639,1,1580342400000,SRI LANKA,2020-01-30
95,1745,14,1580342400000,THAILAND,2020-01-30
96,1811,4,1580342400000,UNITED ARAB EMIRATES,2020-01-30
97,1902,5,1580342400000,UNITED STATES OF AMERICA,2020-01-30
98,1950,2,1580342400000,VIET NAM,2020-01-30
99,70,9,1580428800000,AUSTRALIA,2020-01-31
100,248,1,1580428800000,CAMBODIA,2020-01-31
101,299,3,1580428800000,CANADA,2020-01-31
102,356,9720,1580428800000,CHINA,2020-01-31
103,515,1,1580428800000,FINLAND,2020-01-31
104,562,6,1580428800000,FRANCE,2020-01-31
105,624,6,1580428800000,GERMANY,2020-01-31
106,713,1,1580428800000,INDIA,2020-01-31
107,868,2,1580428800000,ITALY,2020-01-31
108,918,15,1580428800000,JAPAN,2020-01-31
109,1049,8,1580428800000,MALAYSIA,2020-01-31
110,1144,1,1580428800000,NEPAL,2020-01-31
111,1300,1,1580428800000,PHILIPPINES,2020-01-31
112,1380,11,1580428800000,REPUBLIC OF KOREA,2020-01-31
113,1439,2,1580428800000,RUSSIAN FEDERATION,2020-01-31
114,1538,16,1580428800000,SINGAPORE,2020-01-31
115,1640,1,1580428800000,SRI LANKA,2020-01-31
116,1681,1,1580428800000,SWEDEN,2020-01-31
117,1746,19,1580428800000,THAILAND,2020-01-31
118,1812,4,1580428800000,UNITED ARAB EMIRATES,2020-01-31
119,1853,2,1580428800000,UNITED KINGDOM,2020-01-31
120,1903,6,1580428800000,UNITED STATES OF AMERICA,2020-01-31
121,1951,5,1580428800000,VIET NAM,2020-01-31
122,71,12,1580515200000,AUSTRALIA,2020-02-01
123,249,1,1580515200000,CAMBODIA,2020-02-01
124,300,4,1580515200000,CANADA,2020-02-01
125,357,11821,1580515200000,CHINA,2020-02-01
126,516,1,1580515200000,FINLAND,2020-02-01
127,563,6,1580515200000,FRANCE,2020-02-01
128,625,7,1580515200000,GERMANY,2020-02-01
129,714,1,1580515200000,INDIA,2020-02-01
130,869,2,1580515200000,ITALY,2020-02-01
131,919,17,1580515200000,JAPAN,2020-02-01
132,1050,8,1580515200000,MALAYSIA,2020-02-01
133,1145,1,1580515200000,NEPAL,2020-02-01
134,1301,1,1580515200000,PHILIPPINES,2020-02-01
135,1381,12,1580515200000,REPUBLIC OF KOREA,2020-02-01
136,1440,2,1580515200000,RUSSIAN FEDERATION,2020-02-01
137,1539,18,1580515200000,SINGAPORE,2020-02-01
138,1597,1,1580515200000,SPAIN,2020-02-01
139,1641,1,1580515200000,SRI LANKA,2020-02-01
140,1682,1,1580515200000,SWEDEN,2020-02-01
141,1747,19,1580515200000,THAILAND,2020-02-01
142,1813,4,1580515200000,UNITED ARAB EMIRATES,2020-02-01
143,1854,2,1580515200000,UNITED KINGDOM,2020-02-01
144,1904,7,1580515200000,UNITED STATES OF AMERICA,2020-02-01
145,1952,6,1580515200000,VIET NAM,2020-02-01
146,72,12,1580601600000,AUSTRALIA,2020-02-02
147,250,1,1580601600000,CAMBODIA,2020-02-02
148,301,4,1580601600000,CANADA,2020-02-02
149,358,14411,1580601600000,CHINA,2020-02-02
150,517,1,1580601600000,FINLAND,2020-02-02
151,564,6,1580601600000,FRANCE,2020-02-02
152,626,10,1580601600000,GERMANY,2020-02-02
153,715,2,1580601600000,INDIA,2020-02-02
154,870,2,1580601600000,ITALY,2020-02-02
155,920,20,1580601600000,JAPAN,2020-02-02
156,1051,8,1580601600000,MALAYSIA,2020-02-02
157,1146,1,1580601600000,NEPAL,2020-02-02
158,1302,2,1580601600000,PHILIPPINES,2020-02-02
159,1382,15,1580601600000,REPUBLIC OF KOREA,2020-02-02
160,1441,2,1580601600000,RUSSIAN FEDERATION,2020-02-02
161,1540,18,1580601600000,SINGAPORE,2020-02-02
162,1598,1,1580601600000,SPAIN,2020-02-02
163,1642,1,1580601600000,SRI LANKA,2020-02-02
164,1683,1,1580601600000,SWEDEN,2020-02-02
165,1748,19,1580601600000,THAILAND,2020-02-02
166,1814,5,1580601600000,UNITED ARAB EMIRATES,2020-02-02
167,1855,2,1580601600000,UNITED KINGDOM,2020-02-02
168,1905,8,1580601600000,UNITED STATES OF AMERICA,2020-02-02
169,1953,7,1580601600000,VIET NAM,2020-02-02
170,73,12,1580688000000,AUSTRALIA,2020-02-03
171,251,1,1580688000000,CAMBODIA,2020-02-03
172,302,4,1580688000000,CANADA,2020-02-03
173,359,17238,1580688000000,CHINA,2020-02-03
174,518,1,1580688000000,FINLAND,2020-02-03
175,565,6,1580688000000,FRANCE,2020-02-03
176,627,10,1580688000000,GERMANY,2020-02-03
177,716,3,1580688000000,INDIA,2020-02-03
178,871,2,1580688000000,ITALY,2020-02-03
179,921,20,1580688000000,JAPAN,2020-02-03
180,1052,8,1580688000000,MALAYSIA,2020-02-03
181,1147,1,1580688000000,NEPAL,2020-02-03
182,1303,2,1580688000000,PHILIPPINES,2020-02-03
183,1383,15,1580688000000,REPUBLIC OF KOREA,2020-02-03
184,1442,2,1580688000000,RUSSIAN FEDERATION,2020-02-03
185,1541,18,1580688000000,SINGAPORE,2020-02-03
186,1599,1,1580688000000,SPAIN,2020-02-03
187,1643,1,1580688000000,SRI LANKA,2020-02-03
188,1684,1,1580688000000,SWEDEN,2020-02-03
189,1749,19,1580688000000,THAILAND,2020-02-03
190,1815,5,1580688000000,UNITED ARAB EMIRATES,2020-02-03
191,1856,2,1580688000000,UNITED KINGDOM,2020-02-03
192,1906,11,1580688000000,UNITED STATES OF AMERICA,2020-02-03
193,1954,8,1580688000000,VIET NAM,2020-02-03
194,74,13,1580774400000,AUSTRALIA,2020-02-04
195,173,1,1580774400000,BELGIUM,2020-02-04
196,252,1,1580774400000,CAMBODIA,2020-02-04
197,303,4,1580774400000,CANADA,2020-02-04
198,360,20471,1580774400000,CHINA,2020-02-04
199,519,1,1580774400000,FINLAND,2020-02-04
200,566,6,1580774400000,FRANCE,2020-02-04
201,628,12,1580774400000,GERMANY,2020-02-04
202,717,3,1580774400000,INDIA,2020-02-04
203,872,2,1580774400000,ITALY,2020-02-04
204,922,21,1580774400000,JAPAN,2020-02-04
205,1053,10,1580774400000,MALAYSIA,2020-02-04
206,1148,1,1580774400000,NEPAL,2020-02-04
207,1304,3,1580774400000,PHILIPPINES,2020-02-04
208,1384,16,1580774400000,REPUBLIC OF KOREA,2020-02-04
209,1443,2,1580774400000,RUSSIAN FEDERATION,2020-02-04
210,1542,24,1580774400000,SINGAPORE,2020-02-04
211,1600,1,1580774400000,SPAIN,2020-02-04
212,1644,1,1580774400000,SRI LANKA,2020-02-04
213,1685,1,1580774400000,SWEDEN,2020-02-04
214,1750,25,1580774400000,THAILAND,2020-02-04
215,1816,5,1580774400000,UNITED ARAB EMIRATES,2020-02-04
216,1857,2,1580774400000,UNITED KINGDOM,2020-02-04
217,1907,11,1580774400000,UNITED STATES OF AMERICA,2020-02-04
218,1955,10,1580774400000,VIET NAM,2020-02-04
219,75,14,1580860800000,AUSTRALIA,2020-02-05
220,174,1,1580860800000,BELGIUM,2020-02-05
221,253,1,1580860800000,CAMBODIA,2020-02-05
222,304,5,1580860800000,CANADA,2020-02-05
223,361,24363,1580860800000,CHINA,2020-02-05
224,520,1,1580860800000,FINLAND,2020-02-05
225,567,6,1580860800000,FRANCE,2020-02-05
226,629,12,1580860800000,GERMANY,2020-02-05
227,718,3,1580860800000,INDIA,2020-02-05
228,873,2,1580860800000,ITALY,2020-02-05
229,923,34,1580860800000,JAPAN,2020-02-05
230,1054,12,1580860800000,MALAYSIA,2020-02-05
231,1149,1,1580860800000,NEPAL,2020-02-05
232,1305,3,1580860800000,PHILIPPINES,2020-02-05
233,1385,18,1580860800000,REPUBLIC OF KOREA,2020-02-05
234,1444,2,1580860800000,RUSSIAN FEDERATION,2020-02-05
235,1543,28,1580860800000,SINGAPORE,2020-02-05
236,1601,1,1580860800000,SPAIN,2020-02-05
237,1645,1,1580860800000,SRI LANKA,2020-02-05
238,1686,1,1580860800000,SWEDEN,2020-02-05
239,1751,25,1580860800000,THAILAND,2020-02-05
240,1817,5,1580860800000,UNITED ARAB EMIRATES,2020-02-05
241,1858,2,1580860800000,UNITED KINGDOM,2020-02-05
242,1908,11,1580860800000,UNITED STATES OF AMERICA,2020-02-05
243,1956,10,1580860800000,VIET NAM,2020-02-05
244,76,15,1580947200000,AUSTRALIA,2020-02-06
245,175,1,1580947200000,BELGIUM,2020-02-06
246,254,1,1580947200000,CAMBODIA,2020-02-06
247,305,5,1580947200000,CANADA,2020-02-06
248,362,28060,1580947200000,CHINA,2020-02-06
249,521,1,1580947200000,FINLAND,2020-02-06
250,568,6,1580947200000,FRANCE,2020-02-06
251,630,13,1580947200000,GERMANY,2020-02-06
252,719,3,1580947200000,INDIA,2020-02-06
253,764,20,1580947200000,International conveyance (Diamond Princess),2020-02-06
254,874,2,1580947200000,ITALY,2020-02-06
255,924,25,1580947200000,JAPAN,2020-02-06
256,1055,14,1580947200000,MALAYSIA,2020-02-06
257,1150,1,1580947200000,NEPAL,2020-02-06
258,1306,3,1580947200000,PHILIPPINES,2020-02-06
259,1386,23,1580947200000,REPUBLIC OF KOREA,2020-02-06
260,1445,2,1580947200000,RUSSIAN FEDERATION,2020-02-06
261,1544,30,1580947200000,SINGAPORE,2020-02-06
262,1602,1,1580947200000,SPAIN,2020-02-06
263,1646,1,1580947200000,SRI LANKA,2020-02-06
264,1687,1,1580947200000,SWEDEN,2020-02-06
265,1752,25,1580947200000,THAILAND,2020-02-06
266,1818,5,1580947200000,UNITED ARAB EMIRATES,2020-02-06
267,1859,3,1580947200000,UNITED KINGDOM,2020-02-06
268,1909,12,1580947200000,UNITED STATES OF AMERICA,2020-02-06
269,1957,12,1580947200000,VIET NAM,2020-02-06
270,77,15,1581033600000,AUSTRALIA,2020-02-07
271,176,1,1581033600000,BELGIUM,2020-02-07
272,255,1,1581033600000,CAMBODIA,2020-02-07
273,306,7,1581033600000,CANADA,2020-02-07
274,363,31211,1581033600000,CHINA,2020-02-07
275,522,1,1581033600000,FINLAND,2020-02-07
276,569,6,1581033600000,FRANCE,2020-02-07
277,631,13,1581033600000,GERMANY,2020-02-07
278,720,3,1581033600000,INDIA,2020-02-07
279,765,61,1581033600000,International conveyance (Diamond Princess),2020-02-07
280,875,3,1581033600000,ITALY,2020-02-07
281,925,25,1581033600000,JAPAN,2020-02-07
282,1056,15,1581033600000,MALAYSIA,2020-02-07
283,1151,1,1581033600000,NEPAL,2020-02-07
284,1307,3,1581033600000,PHILIPPINES,2020-02-07
285,1387,24,1581033600000,REPUBLIC OF KOREA,2020-02-07
286,1446,2,1581033600000,RUSSIAN FEDERATION,2020-02-07
287,1545,33,1581033600000,SINGAPORE,2020-02-07
288,1603,1,1581033600000,SPAIN,2020-02-07
289,1647,1,1581033600000,SRI LANKA,2020-02-07
290,1688,1,1581033600000,SWEDEN,2020-02-07
291,1753,25,1581033600000,THAILAND,2020-02-07
292,1819,5,1581033600000,UNITED ARAB EMIRATES,2020-02-07
293,1860,3,1581033600000,UNITED KINGDOM,2020-02-07
294,1910,12,1581033600000,UNITED STATES OF AMERICA,2020-02-07
295,1958,12,1581033600000,VIET NAM,2020-02-07
296,78,15,1581120000000,AUSTRALIA,2020-02-08
297,177,1,1581120000000,BELGIUM,2020-02-08
298,256,1,1581120000000,CAMBODIA,2020-02-08
299,307,7,1581120000000,CANADA,2020-02-08
300,364,34598,1581120000000,CHINA,2020-02-08
301,523,1,1581120000000,FINLAND,2020-02-08
302,570,11,1581120000000,FRANCE,2020-02-08
303,632,14,1581120000000,GERMANY,2020-02-08
304,721,3,1581120000000,INDIA,2020-02-08
305,766,64,1581120000000,International conveyance (Diamond Princess),2020-02-08
306,876,3,1581120000000,ITALY,2020-02-08
307,926,25,1581120000000,JAPAN,2020-02-08
308,1057,16,1581120000000,MALAYSIA,2020-02-08
309,1152,1,1581120000000,NEPAL,2020-02-08
310,1308,3,1581120000000,PHILIPPINES,2020-02-08
311,1388,24,1581120000000,REPUBLIC OF KOREA,2020-02-08
312,1447,2,1581120000000,RUSSIAN FEDERATION,2020-02-08
313,1546,33,1581120000000,SINGAPORE,2020-02-08
314,1604,1,1581120000000,SPAIN,2020-02-08
315,1648,1,1581120000000,SRI LANKA,2020-02-08
316,1689,1,1581120000000,SWEDEN,2020-02-08
317,1754,32,1581120000000,THAILAND,2020-02-08
318,1820,7,1581120000000,UNITED ARAB EMIRATES,2020-02-08
319,1861,3,1581120000000,UNITED KINGDOM,2020-02-08
320,1911,12,1581120000000,UNITED STATES OF AMERICA,2020-02-08
321,1959,13,1581120000000,VIET NAM,2020-02-08
322,79,15,1581206400000,AUSTRALIA,2020-02-09
323,178,1,1581206400000,BELGIUM,2020-02-09
324,257,1,1581206400000,CAMBODIA,2020-02-09
325,308,7,1581206400000,CANADA,2020-02-09
326,365,37251,1581206400000,CHINA,2020-02-09
327,524,1,1581206400000,FINLAND,2020-02-09
328,571,11,1581206400000,FRANCE,2020-02-09
329,633,14,1581206400000,GERMANY,2020-02-09
330,722,3,1581206400000,INDIA,2020-02-09
331,767,64,1581206400000,International conveyance (Diamond Princess),2020-02-09
332,877,3,1581206400000,ITALY,2020-02-09
333,927,26,1581206400000,JAPAN,2020-02-09
334,1058,17,1581206400000,MALAYSIA,2020-02-09
335,1153,1,1581206400000,NEPAL,2020-02-09
336,1309,3,1581206400000,PHILIPPINES,2020-02-09
337,1389,27,1581206400000,REPUBLIC OF KOREA,2020-02-09
338,1448,2,1581206400000,RUSSIAN FEDERATION,2020-02-09
339,1547,43,1581206400000,SINGAPORE,2020-02-09
340,1605,2,1581206400000,SPAIN,2020-02-09
341,1649,1,1581206400000,SRI LANKA,2020-02-09
342,1690,1,1581206400000,SWEDEN,2020-02-09
343,1755,32,1581206400000,THAILAND,2020-02-09
344,1821,7,1581206400000,UNITED ARAB EMIRATES,2020-02-09
345,1862,4,1581206400000,UNITED KINGDOM,2020-02-09
346,1912,12,1581206400000,UNITED STATES OF AMERICA,2020-02-09
347,1960,14,1581206400000,VIET NAM,2020-02-09
348,80,15,1581292800000,AUSTRALIA,2020-02-10
349,179,1,1581292800000,BELGIUM,2020-02-10
350,258,1,1581292800000,CAMBODIA,2020-02-10
351,309,7,1581292800000,CANADA,2020-02-10
352,366,40235,1581292800000,CHINA,2020-02-10
353,525,1,1581292800000,FINLAND,2020-02-10
354,572,11,1581292800000,FRANCE,2020-02-10
355,634,14,1581292800000,GERMANY,2020-02-10
356,723,3,1581292800000,INDIA,2020-02-10
357,768,70,1581292800000,International conveyance (Diamond Princess),2020-02-10
358,878,3,1581292800000,ITALY,2020-02-10
359,928,26,1581292800000,JAPAN,2020-02-10
360,1059,18,1581292800000,MALAYSIA,2020-02-10
361,1154,1,1581292800000,NEPAL,2020-02-10
362,1310,3,1581292800000,PHILIPPINES,2020-02-10
363,1390,27,1581292800000,REPUBLIC OF KOREA,2020-02-10
364,1449,2,1581292800000,RUSSIAN FEDERATION,2020-02-10
365,1548,45,1581292800000,SINGAPORE,2020-02-10
366,1606,2,1581292800000,SPAIN,2020-02-10
367,1650,1,1581292800000,SRI LANKA,2020-02-10
368,1691,1,1581292800000,SWEDEN,2020-02-10
369,1756,32,1581292800000,THAILAND,2020-02-10
370,1822,7,1581292800000,UNITED ARAB EMIRATES,2020-02-10
371,1863,8,1581292800000,UNITED KINGDOM,2020-02-10
372,1913,12,1581292800000,UNITED STATES OF AMERICA,2020-02-10
373,1961,14,1581292800000,VIET NAM,2020-02-10
374,81,15,1581379200000,AUSTRALIA,2020-02-11
375,180,1,1581379200000,BELGIUM,2020-02-11
376,259,1,1581379200000,CAMBODIA,2020-02-11
377,310,7,1581379200000,CANADA,2020-02-11
378,367,42708,1581379200000,CHINA,2020-02-11
379,526,1,1581379200000,FINLAND,2020-02-11
380,573,11,1581379200000,FRANCE,2020-02-11
381,635,14,1581379200000,GERMANY,2020-02-11
382,724,3,1581379200000,INDIA,2020-02-11
383,769,135,1581379200000,International conveyance (Diamond Princess),2020-02-11
384,879,3,1581379200000,ITALY,2020-02-11
385,929,28,1581379200000,JAPAN,2020-02-11
386,1060,18,1581379200000,MALAYSIA,2020-02-11
387,1155,1,1581379200000,NEPAL,2020-02-11
388,1311,3,1581379200000,PHILIPPINES,2020-02-11
389,1391,28,1581379200000,REPUBLIC OF KOREA,2020-02-11
390,1450,2,1581379200000,RUSSIAN FEDERATION,2020-02-11
391,1549,47,1581379200000,SINGAPORE,2020-02-11
392,1607,2,1581379200000,SPAIN,2020-02-11
393,1651,1,1581379200000,SRI LANKA,2020-02-11
394,1692,1,1581379200000,SWEDEN,2020-02-11
395,1757,33,1581379200000,THAILAND,2020-02-11
396,1823,8,1581379200000,UNITED ARAB EMIRATES,2020-02-11
397,1864,8,1581379200000,UNITED KINGDOM,2020-02-11
398,1914,13,1581379200000,UNITED STATES OF AMERICA,2020-02-11
399,1962,15,1581379200000,VIET NAM,2020-02-11
400,82,15,1581465600000,AUSTRALIA,2020-02-12
401,181,1,1581465600000,BELGIUM,2020-02-12
402,260,1,1581465600000,CAMBODIA,2020-02-12
403,311,7,1581465600000,CANADA,2020-02-12
404,368,44730,1581465600000,CHINA,2020-02-12
405,527,1,1581465600000,FINLAND,2020-02-12
406,574,11,1581465600000,FRANCE,2020-02-12
407,636,16,1581465600000,GERMANY,2020-02-12
408,725,3,1581465600000,INDIA,2020-02-12
409,770,175,1581465600000,International conveyance (Diamond Princess),2020-02-12
410,880,3,1581465600000,ITALY,2020-02-12
411,930,28,1581465600000,JAPAN,2020-02-12
412,1061,18,1581465600000,MALAYSIA,2020-02-12
413,1156,1,1581465600000,NEPAL,2020-02-12
414,1312,3,1581465600000,PHILIPPINES,2020-02-12
415,1392,28,1581465600000,REPUBLIC OF KOREA,2020-02-12
416,1451,2,1581465600000,RUSSIAN FEDERATION,2020-02-12
417,1550,50,1581465600000,SINGAPORE,2020-02-12
418,1608,2,1581465600000,SPAIN,2020-02-12
419,1652,1,1581465600000,SRI LANKA,2020-02-12
420,1693,1,1581465600000,SWEDEN,2020-02-12
421,1758,33,1581465600000,THAILAND,2020-02-12
422,1824,8,1581465600000,UNITED ARAB EMIRATES,2020-02-12
423,1865,8,1581465600000,UNITED KINGDOM,2020-02-12
424,1915,13,1581465600000,UNITED STATES OF AMERICA,2020-02-12
425,1963,15,1581465600000,VIET NAM,2020-02-12
426,83,15,1581552000000,AUSTRALIA,2020-02-13
427,182,1,1581552000000,BELGIUM,2020-02-13
428,261,1,1581552000000,CAMBODIA,2020-02-13
429,312,7,1581552000000,CANADA,2020-02-13
430,369,59882,1581552000000,CHINA,2020-02-13
431,528,1,1581552000000,FINLAND,2020-02-13
432,575,11,1581552000000,FRANCE,2020-02-13
433,637,16,1581552000000,GERMANY,2020-02-13
434,726,3,1581552000000,INDIA,2020-02-13
435,771,219,1581552000000,International conveyance (Diamond Princess),2020-02-13
436,881,3,1581552000000,ITALY,2020-02-13
437,931,32,1581552000000,JAPAN,2020-02-13
438,1062,19,1581552000000,MALAYSIA,2020-02-13
439,1157,1,1581552000000,NEPAL,2020-02-13
440,1313,3,1581552000000,PHILIPPINES,2020-02-13
441,1393,28,1581552000000,REPUBLIC OF KOREA,2020-02-13
442,1452,2,1581552000000,RUSSIAN FEDERATION,2020-02-13
443,1551,58,1581552000000,SINGAPORE,2020-02-13
444,1609,2,1581552000000,SPAIN,2020-02-13
445,1653,1,1581552000000,SRI LANKA,2020-02-13
446,1694,1,1581552000000,SWEDEN,2020-02-13
447,1759,33,1581552000000,THAILAND,2020-02-13
448,1825,8,1581552000000,UNITED ARAB EMIRATES,2020-02-13
449,1866,9,1581552000000,UNITED KINGDOM,2020-02-13
450,1916,14,1581552000000,UNITED STATES OF AMERICA,2020-02-13
451,1964,16,1581552000000,VIET NAM,2020-02-13
452,84,15,1581638400000,AUSTRALIA,2020-02-14
453,183,1,1581638400000,BELGIUM,2020-02-14
454,262,1,1581638400000,CAMBODIA,2020-02-14
455,313,7,1581638400000,CANADA,2020-02-14
456,370,63932,1581638400000,CHINA,2020-02-14
457,529,1,1581638400000,FINLAND,2020-02-14
458,576,11,1581638400000,FRANCE,2020-02-14
459,638,16,1581638400000,GERMANY,2020-02-14
460,727,3,1581638400000,INDIA,2020-02-14
461,772,218,1581638400000,International conveyance (Diamond Princess),2020-02-14
462,882,3,1581638400000,ITALY,2020-02-14
463,932,41,1581638400000,JAPAN,2020-02-14
464,1063,19,1581638400000,MALAYSIA,2020-02-14
465,1158,1,1581638400000,NEPAL,2020-02-14
466,1314,3,1581638400000,PHILIPPINES,2020-02-14
467,1394,28,1581638400000,REPUBLIC OF KOREA,2020-02-14
468,1453,2,1581638400000,RUSSIAN FEDERATION,2020-02-14
469,1552,67,1581638400000,SINGAPORE,2020-02-14
470,1610,2,1581638400000,SPAIN,2020-02-14
471,1654,1,1581638400000,SRI LANKA,2020-02-14
472,1695,1,1581638400000,SWEDEN,2020-02-14
473,1760,33,1581638400000,THAILAND,2020-02-14
474,1826,8,1581638400000,UNITED ARAB EMIRATES,2020-02-14
475,1867,9,1581638400000,UNITED KINGDOM,2020-02-14
476,1917,15,1581638400000,UNITED STATES OF AMERICA,2020-02-14
477,1965,16,1581638400000,VIET NAM,2020-02-14
478,85,15,1581724800000,AUSTRALIA,2020-02-15
479,184,1,1581724800000,BELGIUM,2020-02-15
480,263,1,1581724800000,CAMBODIA,2020-02-15
481,314,7,1581724800000,CANADA,2020-02-15
482,371,66576,1581724800000,CHINA,2020-02-15
483,470,1,1581724800000,EGYPT,2020-02-15
484,530,1,1581724800000,FINLAND,2020-02-15
485,577,11,1581724800000,FRANCE,2020-02-15
486,639,16,1581724800000,GERMANY,2020-02-15
487,728,3,1581724800000,INDIA,2020-02-15
488,773,285,1581724800000,International conveyance (Diamond Princess),2020-02-15
489,883,3,1581724800000,ITALY,2020-02-15
490,933,52,1581724800000,JAPAN,2020-02-15
491,1064,22,1581724800000,MALAYSIA,2020-02-15
492,1159,1,1581724800000,NEPAL,2020-02-15
493,1315,3,1581724800000,PHILIPPINES,2020-02-15
494,1395,28,1581724800000,REPUBLIC OF KOREA,2020-02-15
495,1454,2,1581724800000,RUSSIAN FEDERATION,2020-02-15
496,1553,72,1581724800000,SINGAPORE,2020-02-15
497,1611,2,1581724800000,SPAIN,2020-02-15
498,1655,1,1581724800000,SRI LANKA,2020-02-15
499,1696,1,1581724800000,SWEDEN,2020-02-15
500,1761,34,1581724800000,THAILAND,2020-02-15
501,1827,8,1581724800000,UNITED ARAB EMIRATES,2020-02-15
502,1868,9,1581724800000,UNITED KINGDOM,2020-02-15
503,1918,15,1581724800000,UNITED STATES OF AMERICA,2020-02-15
504,1966,16,1581724800000,VIET NAM,2020-02-15
505,86,15,1581811200000,AUSTRALIA,2020-02-16
506,185,1,1581811200000,BELGIUM,2020-02-16
507,264,1,1581811200000,CAMBODIA,2020-02-16
508,315,7,1581811200000,CANADA,2020-02-16
509,372,68584,1581811200000,CHINA,2020-02-16
510,471,1,1581811200000,EGYPT,2020-02-16
511,531,1,1581811200000,FINLAND,2020-02-16
512,578,12,1581811200000,FRANCE,2020-02-16
513,640,16,1581811200000,GERMANY,2020-02-16
514,729,3,1581811200000,INDIA,2020-02-16
515,774,355,1581811200000,International conveyance (Diamond Princess),2020-02-16
516,884,3,1581811200000,ITALY,2020-02-16
517,934,59,1581811200000,JAPAN,2020-02-16
518,1065,22,1581811200000,MALAYSIA,2020-02-16
519,1160,1,1581811200000,NEPAL,2020-02-16
520,1316,3,1581811200000,PHILIPPINES,2020-02-16
521,1396,29,1581811200000,REPUBLIC OF KOREA,2020-02-16
522,1455,2,1581811200000,RUSSIAN FEDERATION,2020-02-16
523,1554,75,1581811200000,SINGAPORE,2020-02-16
524,1612,2,1581811200000,SPAIN,2020-02-16
525,1656,1,1581811200000,SRI LANKA,2020-02-16
526,1697,1,1581811200000,SWEDEN,2020-02-16
527,1762,34,1581811200000,THAILAND,2020-02-16
528,1828,8,1581811200000,UNITED ARAB EMIRATES,2020-02-16
529,1869,9,1581811200000,UNITED KINGDOM,2020-02-16
530,1919,15,1581811200000,UNITED STATES OF AMERICA,2020-02-16
531,1967,16,1581811200000,VIET NAM,2020-02-16
532,87,15,1581897600000,AUSTRALIA,2020-02-17
533,186,1,1581897600000,BELGIUM,2020-02-17
534,265,1,1581897600000,CAMBODIA,2020-02-17
535,316,8,1581897600000,CANADA,2020-02-17
536,373,70635,1581897600000,CHINA,2020-02-17
537,472,1,1581897600000,EGYPT,2020-02-17
538,532,1,1581897600000,FINLAND,2020-02-17
539,579,12,1581897600000,FRANCE,2020-02-17
540,641,16,1581897600000,GERMANY,2020-02-17
541,730,3,1581897600000,INDIA,2020-02-17
542,775,454,1581897600000,International conveyance (Diamond Princess),2020-02-17
543,885,3,1581897600000,ITALY,2020-02-17
544,935,59,1581897600000,JAPAN,2020-02-17
545,1066,22,1581897600000,MALAYSIA,2020-02-17
546,1161,1,1581897600000,NEPAL,2020-02-17
547,1317,3,1581897600000,PHILIPPINES,2020-02-17
548,1397,30,1581897600000,REPUBLIC OF KOREA,2020-02-17
549,1456,2,1581897600000,RUSSIAN FEDERATION,2020-02-17
550,1555,77,1581897600000,SINGAPORE,2020-02-17
551,1613,2,1581897600000,SPAIN,2020-02-17
552,1657,1,1581897600000,SRI LANKA,2020-02-17
553,1698,1,1581897600000,SWEDEN,2020-02-17
554,1763,35,1581897600000,THAILAND,2020-02-17
555,1829,9,1581897600000,UNITED ARAB EMIRATES,2020-02-17
556,1870,9,1581897600000,UNITED KINGDOM,2020-02-17
557,1920,15,1581897600000,UNITED STATES OF AMERICA,2020-02-17
558,1968,16,1581897600000,VIET NAM,2020-02-17
559,88,15,1581984000000,AUSTRALIA,2020-02-18
560,187,1,1581984000000,BELGIUM,2020-02-18
561,266,1,1581984000000,CAMBODIA,2020-02-18
562,317,8,1581984000000,CANADA,2020-02-18
563,374,72528,1581984000000,CHINA,2020-02-18
564,473,1,1581984000000,EGYPT,2020-02-18
565,533,1,1581984000000,FINLAND,2020-02-18
566,580,12,1581984000000,FRANCE,2020-02-18
567,642,16,1581984000000,GERMANY,2020-02-18
568,731,3,1581984000000,INDIA,2020-02-18
569,776,542,1581984000000,International conveyance (Diamond Princess),2020-02-18
570,886,3,1581984000000,ITALY,2020-02-18
571,936,65,1581984000000,JAPAN,2020-02-18
572,1067,22,1581984000000,MALAYSIA,2020-02-18
573,1162,1,1581984000000,NEPAL,2020-02-18
574,1318,3,1581984000000,PHILIPPINES,2020-02-18
575,1398,31,1581984000000,REPUBLIC OF KOREA,2020-02-18
576,1457,2,1581984000000,RUSSIAN FEDERATION,2020-02-18
577,1556,81,1581984000000,SINGAPORE,2020-02-18
578,1614,2,1581984000000,SPAIN,2020-02-18
579,1658,1,1581984000000,SRI LANKA,2020-02-18
580,1699,1,1581984000000,SWEDEN,2020-02-18
581,1764,35,1581984000000,THAILAND,2020-02-18
582,1830,9,1581984000000,UNITED ARAB EMIRATES,2020-02-18
583,1871,9,1581984000000,UNITED KINGDOM,2020-02-18
584,1921,15,1581984000000,UNITED STATES OF AMERICA,2020-02-18
585,1969,16,1581984000000,VIET NAM,2020-02-18
586,89,15,1582070400000,AUSTRALIA,2020-02-19
587,188,1,1582070400000,BELGIUM,2020-02-19
588,267,1,1582070400000,CAMBODIA,2020-02-19
589,318,8,1582070400000,CANADA,2020-02-19
590,375,74279,1582070400000,CHINA,2020-02-19
591,474,1,1582070400000,EGYPT,2020-02-19
592,534,1,1582070400000,FINLAND,2020-02-19
593,581,12,1582070400000,FRANCE,2020-02-19
594,643,16,1582070400000,GERMANY,2020-02-19
595,732,3,1582070400000,INDIA,2020-02-19
596,777,542,1582070400000,International conveyance (Diamond Princess),2020-02-19
597,887,3,1582070400000,ITALY,2020-02-19
598,937,73,1582070400000,JAPAN,2020-02-19
599,1068,22,1582070400000,MALAYSIA,2020-02-19
600,1163,1,1582070400000,NEPAL,2020-02-19
601,1319,3,1582070400000,PHILIPPINES,2020-02-19
602,1399,51,1582070400000,REPUBLIC OF KOREA,2020-02-19
603,1458,2,1582070400000,RUSSIAN FEDERATION,2020-02-19
604,1557,81,1582070400000,SINGAPORE,2020-02-19
605,1615,2,1582070400000,SPAIN,2020-02-19
606,1659,1,1582070400000,SRI LANKA,2020-02-19
607,1700,1,1582070400000,SWEDEN,2020-02-19
608,1765,35,1582070400000,THAILAND,2020-02-19
609,1831,9,1582070400000,UNITED ARAB EMIRATES,2020-02-19
610,1872,9,1582070400000,UNITED KINGDOM,2020-02-19
611,1922,15,1582070400000,UNITED STATES OF AMERICA,2020-02-19
612,1970,16,1582070400000,VIET NAM,2020-02-19
613,90,15,1582156800000,AUSTRALIA,2020-02-20
614,189,1,1582156800000,BELGIUM,2020-02-20
615,268,1,1582156800000,CAMBODIA,2020-02-20
616,319,8,1582156800000,CANADA,2020-02-20
617,376,74675,1582156800000,CHINA,2020-02-20
618,475,1,1582156800000,EGYPT,2020-02-20
619,535,1,1582156800000,FINLAND,2020-02-20
620,582,12,1582156800000,FRANCE,2020-02-20
621,644,16,1582156800000,GERMANY,2020-02-20
622,733,3,1582156800000,INDIA,2020-02-20
623,778,634,1582156800000,International conveyance (Diamond Princess),2020-02-20
624,799,5,1582156800000,IRAN (ISLAMIC REPUBLIC OF),2020-02-20
625,888,3,1582156800000,ITALY,2020-02-20
626,938,85,1582156800000,JAPAN,2020-02-20
627,1069,22,1582156800000,MALAYSIA,2020-02-20
628,1164,1,1582156800000,NEPAL,2020-02-20
629,1320,3,1582156800000,PHILIPPINES,2020-02-20
630,1400,104,1582156800000,REPUBLIC OF KOREA,2020-02-20
631,1459,2,1582156800000,RUSSIAN FEDERATION,2020-02-20
632,1558,85,1582156800000,SINGAPORE,2020-02-20
633,1616,2,1582156800000,SPAIN,2020-02-20
634,1660,1,1582156800000,SRI LANKA,2020-02-20
635,1701,1,1582156800000,SWEDEN,2020-02-20
636,1766,35,1582156800000,THAILAND,2020-02-20
637,1832,9,1582156800000,UNITED ARAB EMIRATES,2020-02-20
638,1873,9,1582156800000,UNITED KINGDOM,2020-02-20
639,1923,15,1582156800000,UNITED STATES OF AMERICA,2020-02-20
640,1971,16,1582156800000,VIET NAM,2020-02-20
641,91,17,1582243200000,AUSTRALIA,2020-02-21
642,190,1,1582243200000,BELGIUM,2020-02-21
643,269,1,1582243200000,CAMBODIA,2020-02-21
644,320,8,1582243200000,CANADA,2020-02-21
645,377,75567,1582243200000,CHINA,2020-02-21
646,476,1,1582243200000,EGYPT,2020-02-21
647,536,1,1582243200000,FINLAND,2020-02-21
648,583,12,1582243200000,FRANCE,2020-02-21
649,645,16,1582243200000,GERMANY,2020-02-21
650,734,3,1582243200000,INDIA,2020-02-21
651,779,634,1582243200000,International conveyance (Diamond Princess),2020-02-21
652,800,18,1582243200000,IRAN (ISLAMIC REPUBLIC OF),2020-02-21
653,848,1,1582243200000,ISRAEL,2020-02-21
654,889,4,1582243200000,ITALY,2020-02-21
655,939,93,1582243200000,JAPAN,2020-02-21
656,1070,22,1582243200000,MALAYSIA,2020-02-21
657,1165,1,1582243200000,NEPAL,2020-02-21
658,1321,3,1582243200000,PHILIPPINES,2020-02-21
659,1401,204,1582243200000,REPUBLIC OF KOREA,2020-02-21
660,1460,2,1582243200000,RUSSIAN FEDERATION,2020-02-21
661,1559,86,1582243200000,SINGAPORE,2020-02-21
662,1617,2,1582243200000,SPAIN,2020-02-21
663,1661,1,1582243200000,SRI LANKA,2020-02-21
664,1702,1,1582243200000,SWEDEN,2020-02-21
665,1767,35,1582243200000,THAILAND,2020-02-21
666,1833,11,1582243200000,UNITED ARAB EMIRATES,2020-02-21
667,1874,9,1582243200000,UNITED KINGDOM,2020-02-21
668,1924,15,1582243200000,UNITED STATES OF AMERICA,2020-02-21
669,1972,16,1582243200000,VIET NAM,2020-02-21
670,92,21,1582329600000,AUSTRALIA,2020-02-22
671,191,1,1582329600000,BELGIUM,2020-02-22
672,270,1,1582329600000,CAMBODIA,2020-02-22
673,321,9,1582329600000,CANADA,2020-02-22
674,378,76392,1582329600000,CHINA,2020-02-22
675,477,1,1582329600000,EGYPT,2020-02-22
676,537,1,1582329600000,FINLAND,2020-02-22
677,584,12,1582329600000,FRANCE,2020-02-22
678,646,16,1582329600000,GERMANY,2020-02-22
679,735,3,1582329600000,INDIA,2020-02-22
680,780,634,1582329600000,International conveyance (Diamond Princess),2020-02-22
681,801,28,1582329600000,IRAN (ISLAMIC REPUBLIC OF),2020-02-22
682,849,1,1582329600000,ISRAEL,2020-02-22
683,890,11,1582329600000,ITALY,2020-02-22
684,940,132,1582329600000,JAPAN,2020-02-22
685,995,1,1582329600000,LEBANON,2020-02-22
686,1071,22,1582329600000,MALAYSIA,2020-02-22
687,1166,1,1582329600000,NEPAL,2020-02-22
688,1322,3,1582329600000,PHILIPPINES,2020-02-22
689,1402,433,1582329600000,REPUBLIC OF KOREA,2020-02-22
690,1461,2,1582329600000,RUSSIAN FEDERATION,2020-02-22
691,1560,86,1582329600000,SINGAPORE,2020-02-22
692,1618,2,1582329600000,SPAIN,2020-02-22
693,1662,1,1582329600000,SRI LANKA,2020-02-22
694,1703,1,1582329600000,SWEDEN,2020-02-22
695,1768,35,1582329600000,THAILAND,2020-02-22
696,1834,13,1582329600000,UNITED ARAB EMIRATES,2020-02-22
697,1875,9,1582329600000,UNITED KINGDOM,2020-02-22
698,1925,35,1582329600000,UNITED STATES OF AMERICA,2020-02-22
699,1973,16,1582329600000,VIET NAM,2020-02-22
700,93,22,1582416000000,AUSTRALIA,2020-02-23
701,192,1,1582416000000,BELGIUM,2020-02-23
702,271,1,1582416000000,CAMBODIA,2020-02-23
703,322,9,1582416000000,CANADA,2020-02-23
704,379,77041,1582416000000,CHINA,2020-02-23
705,478,1,1582416000000,EGYPT,2020-02-23
706,538,1,1582416000000,FINLAND,2020-02-23
707,585,12,1582416000000,FRANCE,2020-02-23
708,647,16,1582416000000,GERMANY,2020-02-23
709,736,3,1582416000000,INDIA,2020-02-23
710,781,691,1582416000000,International conveyance (Diamond Princess),2020-02-23
711,802,43,1582416000000,IRAN (ISLAMIC REPUBLIC OF),2020-02-23
712,850,1,1582416000000,ISRAEL,2020-02-23
713,891,132,1582416000000,ITALY,2020-02-23
714,941,144,1582416000000,JAPAN,2020-02-23
715,996,1,1582416000000,LEBANON,2020-02-23
716,1072,22,1582416000000,MALAYSIA,2020-02-23
717,1167,1,1582416000000,NEPAL,2020-02-23
718,1323,3,1582416000000,PHILIPPINES,2020-02-23
719,1403,602,1582416000000,REPUBLIC OF KOREA,2020-02-23
720,1462,2,1582416000000,RUSSIAN FEDERATION,2020-02-23
721,1561,89,1582416000000,SINGAPORE,2020-02-23
722,1619,2,1582416000000,SPAIN,2020-02-23
723,1663,1,1582416000000,SRI LANKA,2020-02-23
724,1704,1,1582416000000,SWEDEN,2020-02-23
725,1769,35,1582416000000,THAILAND,2020-02-23
726,1835,13,1582416000000,UNITED ARAB EMIRATES,2020-02-23
727,1876,9,1582416000000,UNITED KINGDOM,2020-02-23
728,1926,35,1582416000000,UNITED STATES OF AMERICA,2020-02-23
729,1974,16,1582416000000,VIET NAM,2020-02-23
730,1,1,1582502400000,AFGHANISTAN,2020-02-24
731,94,22,1582502400000,AUSTRALIA,2020-02-24
732,139,1,1582502400000,BAHRAIN,2020-02-24
733,193,1,1582502400000,BELGIUM,2020-02-24
734,272,1,1582502400000,CAMBODIA,2020-02-24
735,323,9,1582502400000,CANADA,2020-02-24
736,380,77262,1582502400000,CHINA,2020-02-24
737,479,1,1582502400000,EGYPT,2020-02-24
738,539,1,1582502400000,FINLAND,2020-02-24
739,586,12,1582502400000,FRANCE,2020-02-24
740,648,16,1582502400000,GERMANY,2020-02-24
741,737,3,1582502400000,INDIA,2020-02-24
742,782,695,1582502400000,International conveyance (Diamond Princess),2020-02-24
743,803,47,1582502400000,IRAN (ISLAMIC REPUBLIC OF),2020-02-24
744,851,1,1582502400000,ISRAEL,2020-02-24
745,942,144,1582502400000,JAPAN,2020-02-24
746,969,3,1582502400000,KUWAIT,2020-02-24
747,997,1,1582502400000,LEBANON,2020-02-24
748,1073,22,1582502400000,MALAYSIA,2020-02-24
749,1168,1,1582502400000,NEPAL,2020-02-24
750,1324,3,1582502400000,PHILIPPINES,2020-02-24
751,1404,833,1582502400000,REPUBLIC OF KOREA,2020-02-24
752,1463,2,1582502400000,RUSSIAN FEDERATION,2020-02-24
753,1562,89,1582502400000,SINGAPORE,2020-02-24
754,1620,2,1582502400000,SPAIN,2020-02-24
755,1664,1,1582502400000,SRI LANKA,2020-02-24
756,1705,1,1582502400000,SWEDEN,2020-02-24
757,1770,35,1582502400000,THAILAND,2020-02-24
758,1836,13,1582502400000,UNITED ARAB EMIRATES,2020-02-24
759,1877,9,1582502400000,UNITED KINGDOM,2020-02-24
760,1927,35,1582502400000,UNITED STATES OF AMERICA,2020-02-24
761,1975,16,1582502400000,VIET NAM,2020-02-24
762,2,1,1582588800000,AFGHANISTAN,2020-02-25
763,95,23,1582588800000,AUSTRALIA,2020-02-25
764,111,2,1582588800000,AUSTRIA,2020-02-25
765,140,17,1582588800000,BAHRAIN,2020-02-25
766,194,1,1582588800000,BELGIUM,2020-02-25
767,273,1,1582588800000,CAMBODIA,2020-02-25
768,324,10,1582588800000,CANADA,2020-02-25
769,381,77779,1582588800000,CHINA,2020-02-25
770,406,1,1582588800000,CROATIA,2020-02-25
771,480,1,1582588800000,EGYPT,2020-02-25
772,540,1,1582588800000,FINLAND,2020-02-25
773,587,12,1582588800000,FRANCE,2020-02-25
774,649,16,1582588800000,GERMANY,2020-02-25
775,738,3,1582588800000,INDIA,2020-02-25
776,783,691,1582588800000,International conveyance (Diamond Princess),2020-02-25
777,804,61,1582588800000,IRAN (ISLAMIC REPUBLIC OF),2020-02-25
778,820,1,1582588800000,IRAQ,2020-02-25
779,852,2,1582588800000,ISRAEL,2020-02-25
780,892,229,1582588800000,ITALY,2020-02-25
781,943,157,1582588800000,JAPAN,2020-02-25
782,970,8,1582588800000,KUWAIT,2020-02-25
783,998,1,1582588800000,LEBANON,2020-02-25
784,1074,22,1582588800000,MALAYSIA,2020-02-25
785,1169,1,1582588800000,NEPAL,2020-02-25
786,1259,4,1582588800000,OMAN,2020-02-25
787,1325,3,1582588800000,PHILIPPINES,2020-02-25
788,1405,977,1582588800000,REPUBLIC OF KOREA,2020-02-25
789,1464,2,1582588800000,RUSSIAN FEDERATION,2020-02-25
790,1563,91,1582588800000,SINGAPORE,2020-02-25
791,1621,2,1582588800000,SPAIN,2020-02-25
792,1665,1,1582588800000,SRI LANKA,2020-02-25
793,1706,1,1582588800000,SWEDEN,2020-02-25
794,1771,37,1582588800000,THAILAND,2020-02-25
795,1837,13,1582588800000,UNITED ARAB EMIRATES,2020-02-25
796,1878,13,1582588800000,UNITED KINGDOM,2020-02-25
797,1928,53,1582588800000,UNITED STATES OF AMERICA,2020-02-25
798,1976,16,1582588800000,VIET NAM,2020-02-25
799,3,1,1582675200000,AFGHANISTAN,2020-02-26
800,21,1,1582675200000,ALGERIA,2020-02-26
801,96,23,1582675200000,AUSTRALIA,2020-02-26
802,112,2,1582675200000,AUSTRIA,2020-02-26
803,141,26,1582675200000,BAHRAIN,2020-02-26
804,195,1,1582675200000,BELGIUM,2020-02-26
805,274,1,1582675200000,CAMBODIA,2020-02-26
806,325,10,1582675200000,CANADA,2020-02-26
807,382,78191,1582675200000,CHINA,2020-02-26
808,407,2,1582675200000,CROATIA,2020-02-26
809,481,1,1582675200000,EGYPT,2020-02-26
810,541,1,1582675200000,FINLAND,2020-02-26
811,588,17,1582675200000,FRANCE,2020-02-26
812,650,18,1582675200000,GERMANY,2020-02-26
813,672,1,1582675200000,GREECE,2020-02-26
814,739,3,1582675200000,INDIA,2020-02-26
815,784,705,1582675200000,International conveyance (Diamond Princess),2020-02-26
816,805,139,1582675200000,IRAN (ISLAMIC REPUBLIC OF),2020-02-26
817,821,5,1582675200000,IRAQ,2020-02-26
818,853,2,1582675200000,ISRAEL,2020-02-26
819,893,374,1582675200000,ITALY,2020-02-26
820,944,164,1582675200000,JAPAN,2020-02-26
821,971,25,1582675200000,KUWAIT,2020-02-26
822,999,1,1582675200000,LEBANON,2020-02-26
823,1075,22,1582675200000,MALAYSIA,2020-02-26
824,1170,1,1582675200000,NEPAL,2020-02-26
825,1260,4,1582675200000,OMAN,2020-02-26
826,1326,3,1582675200000,PHILIPPINES,2020-02-26
827,1406,1261,1582675200000,REPUBLIC OF KOREA,2020-02-26
828,1465,2,1582675200000,RUSSIAN FEDERATION,2020-02-26
829,1564,93,1582675200000,SINGAPORE,2020-02-26
830,1622,7,1582675200000,SPAIN,2020-02-26
831,1666,1,1582675200000,SRI LANKA,2020-02-26
832,1707,1,1582675200000,SWEDEN,2020-02-26
833,1722,1,1582675200000,SWITZERLAND,2020-02-26
834,1772,40,1582675200000,THAILAND,2020-02-26
835,1838,13,1582675200000,UNITED ARAB EMIRATES,2020-02-26
836,1879,13,1582675200000,UNITED KINGDOM,2020-02-26
837,1929,53,1582675200000,UNITED STATES OF AMERICA,2020-02-26
838,1977,16,1582675200000,VIET NAM,2020-02-26
839,4,1,1582761600000,AFGHANISTAN,2020-02-27
840,22,1,1582761600000,ALGERIA,2020-02-27
841,97,23,1582761600000,AUSTRALIA,2020-02-27
842,113,4,1582761600000,AUSTRIA,2020-02-27
843,142,33,1582761600000,BAHRAIN,2020-02-27
844,196,1,1582761600000,BELGIUM,2020-02-27
845,224,1,1582761600000,BRAZIL,2020-02-27
846,275,1,1582761600000,CAMBODIA,2020-02-27
847,326,11,1582761600000,CANADA,2020-02-27
848,383,78630,1582761600000,CHINA,2020-02-27
849,408,3,1582761600000,CROATIA,2020-02-27
850,435,1,1582761600000,DENMARK,2020-02-27
851,482,1,1582761600000,EGYPT,2020-02-27
852,496,1,1582761600000,ESTONIA,2020-02-27
853,542,2,1582761600000,FINLAND,2020-02-27
854,589,18,1582761600000,FRANCE,2020-02-27
855,607,1,1582761600000,GEORGIA,2020-02-27
856,651,21,1582761600000,GERMANY,2020-02-27
857,673,3,1582761600000,GREECE,2020-02-27
858,740,3,1582761600000,INDIA,2020-02-27
859,785,705,1582761600000,International conveyance (Diamond Princess),2020-02-27
860,806,245,1582761600000,IRAN (ISLAMIC REPUBLIC OF),2020-02-27
861,822,6,1582761600000,IRAQ,2020-02-27
862,854,3,1582761600000,ISRAEL,2020-02-27
863,894,528,1582761600000,ITALY,2020-02-27
864,945,186,1582761600000,JAPAN,2020-02-27
865,972,43,1582761600000,KUWAIT,2020-02-27
866,1000,2,1582761600000,LEBANON,2020-02-27
867,1076,24,1582761600000,MALAYSIA,2020-02-27
868,1171,1,1582761600000,NEPAL,2020-02-27
869,1224,1,1582761600000,NORTH MACEDONIA,2020-02-27
870,1238,1,1582761600000,NORWAY,2020-02-27
871,1261,4,1582761600000,OMAN,2020-02-27
872,1275,2,1582761600000,PAKISTAN,2020-02-27
873,1327,3,1582761600000,PHILIPPINES,2020-02-27
874,1407,1766,1582761600000,REPUBLIC OF KOREA,2020-02-27
875,1425,1,1582761600000,ROMANIA,2020-02-27
876,1466,2,1582761600000,RUSSIAN FEDERATION,2020-02-27
877,1565,96,1582761600000,SINGAPORE,2020-02-27
878,1623,12,1582761600000,SPAIN,2020-02-27
879,1667,1,1582761600000,SRI LANKA,2020-02-27
880,1708,2,1582761600000,SWEDEN,2020-02-27
881,1723,4,1582761600000,SWITZERLAND,2020-02-27
882,1773,40,1582761600000,THAILAND,2020-02-27
883,1839,13,1582761600000,UNITED ARAB EMIRATES,2020-02-27
884,1880,13,1582761600000,UNITED KINGDOM,2020-02-27
885,1930,59,1582761600000,UNITED STATES OF AMERICA,2020-02-27
886,1978,16,1582761600000,VIET NAM,2020-02-27
887,5,1,1582848000000,AFGHANISTAN,2020-02-28
888,23,1,1582848000000,ALGERIA,2020-02-28
889,98,23,1582848000000,AUSTRALIA,2020-02-28
890,114,5,1582848000000,AUSTRIA,2020-02-28
891,143,36,1582848000000,BAHRAIN,2020-02-28
892,160,1,1582848000000,BELARUS,2020-02-28
893,197,1,1582848000000,BELGIUM,2020-02-28
894,225,1,1582848000000,BRAZIL,2020-02-28
895,276,1,1582848000000,CAMBODIA,2020-02-28
896,327,11,1582848000000,CANADA,2020-02-28
897,384,78959,1582848000000,CHINA,2020-02-28
898,409,5,1582848000000,CROATIA,2020-02-28
899,436,1,1582848000000,DENMARK,2020-02-28
900,483,1,1582848000000,EGYPT,2020-02-28
901,497,1,1582848000000,ESTONIA,2020-02-28
902,543,2,1582848000000,FINLAND,2020-02-28
903,590,38,1582848000000,FRANCE,2020-02-28
904,608,2,1582848000000,GEORGIA,2020-02-28
905,652,46,1582848000000,GERMANY,2020-02-28
906,674,3,1582848000000,GREECE,2020-02-28
907,741,3,1582848000000,INDIA,2020-02-28
908,786,705,1582848000000,International conveyance (Diamond Princess),2020-02-28
909,807,245,1582848000000,IRAN (ISLAMIC REPUBLIC OF),2020-02-28
910,823,7,1582848000000,IRAQ,2020-02-28
911,855,5,1582848000000,ISRAEL,2020-02-28
912,895,650,1582848000000,ITALY,2020-02-28
913,946,210,1582848000000,JAPAN,2020-02-28
914,973,45,1582848000000,KUWAIT,2020-02-28
915,1001,2,1582848000000,LEBANON,2020-02-28
916,1021,1,1582848000000,LITHUANIA,2020-02-28
917,1077,24,1582848000000,MALAYSIA,2020-02-28
918,1172,1,1582848000000,NEPAL,2020-02-28
919,1185,2,1582848000000,NETHERLANDS,2020-02-28
920,1198,1,1582848000000,NEW ZEALAND,2020-02-28
921,1211,1,1582848000000,NIGERIA,2020-02-28
922,1225,1,1582848000000,NORTH MACEDONIA,2020-02-28
923,1239,4,1582848000000,NORWAY,2020-02-28
924,1262,6,1582848000000,OMAN,2020-02-28
925,1276,2,1582848000000,PAKISTAN,2020-02-28
926,1328,3,1582848000000,PHILIPPINES,2020-02-28
927,1408,2337,1582848000000,REPUBLIC OF KOREA,2020-02-28
928,1426,1,1582848000000,ROMANIA,2020-02-28
929,1467,2,1582848000000,RUSSIAN FEDERATION,2020-02-28
930,1494,1,1582848000000,SAN MARINO,2020-02-28
931,1566,96,1582848000000,SINGAPORE,2020-02-28
932,1624,32,1582848000000,SPAIN,2020-02-28
933,1668,1,1582848000000,SRI LANKA,2020-02-28
934,1709,7,1582848000000,SWEDEN,2020-02-28
935,1724,6,1582848000000,SWITZERLAND,2020-02-28
936,1774,41,1582848000000,THAILAND,2020-02-28
937,1840,19,1582848000000,UNITED ARAB EMIRATES,2020-02-28
938,1881,19,1582848000000,UNITED KINGDOM,2020-02-28
939,1931,59,1582848000000,UNITED STATES OF AMERICA,2020-02-28
940,1979,16,1582848000000,VIET NAM,2020-02-28
941,6,1,1582934400000,AFGHANISTAN,2020-02-29
942,24,1,1582934400000,ALGERIA,2020-02-29
943,99,25,1582934400000,AUSTRALIA,2020-02-29
944,115,10,1582934400000,AUSTRIA,2020-02-29
945,127,1,1582934400000,AZERBAIJAN,2020-02-29
946,144,38,1582934400000,BAHRAIN,2020-02-29
947,161,1,1582934400000,BELARUS,2020-02-29
948,198,1,1582934400000,BELGIUM,2020-02-29
949,226,1,1582934400000,BRAZIL,2020-02-29
950,277,1,1582934400000,CAMBODIA,2020-02-29
951,328,14,1582934400000,CANADA,2020-02-29
952,385,79394,1582934400000,CHINA,2020-02-29
953,410,5,1582934400000,CROATIA,2020-02-29
954,437,3,1582934400000,DENMARK,2020-02-29
955,484,1,1582934400000,EGYPT,2020-02-29
956,498,1,1582934400000,ESTONIA,2020-02-29
957,544,2,1582934400000,FINLAND,2020-02-29
958,591,57,1582934400000,FRANCE,2020-02-29
959,609,3,1582934400000,GEORGIA,2020-02-29
960,653,57,1582934400000,GERMANY,2020-02-29
961,675,3,1582934400000,GREECE,2020-02-29
962,742,3,1582934400000,INDIA,2020-02-29
963,787,705,1582934400000,International conveyance (Diamond Princess),2020-02-29
964,808,593,1582934400000,IRAN (ISLAMIC REPUBLIC OF),2020-02-29
965,824,8,1582934400000,IRAQ,2020-02-29
966,856,7,1582934400000,ISRAEL,2020-02-29
967,896,888,1582934400000,ITALY,2020-02-29
968,947,230,1582934400000,JAPAN,2020-02-29
969,974,45,1582934400000,KUWAIT,2020-02-29
970,1002,2,1582934400000,LEBANON,2020-02-29
971,1022,1,1582934400000,LITHUANIA,2020-02-29
972,1078,24,1582934400000,MALAYSIA,2020-02-29
973,1103,2,1582934400000,MEXICO,2020-02-29
974,1115,1,1582934400000,MONACO,2020-02-29
975,1173,1,1582934400000,NEPAL,2020-02-29
976,1186,4,1582934400000,NETHERLANDS,2020-02-29
977,1199,1,1582934400000,NEW ZEALAND,2020-02-29
978,1212,1,1582934400000,NIGERIA,2020-02-29
979,1226,1,1582934400000,NORTH MACEDONIA,2020-02-29
980,1240,7,1582934400000,NORWAY,2020-02-29
981,1263,6,1582934400000,OMAN,2020-02-29
982,1277,2,1582934400000,PAKISTAN,2020-02-29
983,1329,3,1582934400000,PHILIPPINES,2020-02-29
984,1359,1,1582934400000,QATAR,2020-02-29
985,1409,3150,1582934400000,REPUBLIC OF KOREA,2020-02-29
986,1427,3,1582934400000,ROMANIA,2020-02-29
987,1468,2,1582934400000,RUSSIAN FEDERATION,2020-02-29
988,1495,1,1582934400000,SAN MARINO,2020-02-29
989,1567,102,1582934400000,SINGAPORE,2020-02-29
990,1625,45,1582934400000,SPAIN,2020-02-29
991,1669,1,1582934400000,SRI LANKA,2020-02-29
992,1710,12,1582934400000,SWEDEN,2020-02-29
993,1725,10,1582934400000,SWITZERLAND,2020-02-29
994,1775,42,1582934400000,THAILAND,2020-02-29
995,1841,19,1582934400000,UNITED ARAB EMIRATES,2020-02-29
996,1882,20,1582934400000,UNITED KINGDOM,2020-02-29
997,1932,62,1582934400000,UNITED STATES OF AMERICA,2020-02-29
998,1980,16,1582934400000,VIET NAM,2020-02-29
999,7,1,1583020800000,AFGHANISTAN,2020-03-01
1000,25,1,1583020800000,ALGERIA,2020-03-01
1001,53,1,1583020800000,ARMENIA,2020-03-01
1002,100,27,1583020800000,AUSTRALIA,2020-03-01
1003,116,10,1583020800000,AUSTRIA,2020-03-01
1004,128,3,1583020800000,AZERBAIJAN,2020-03-01
1005,145,40,1583020800000,BAHRAIN,2020-03-01
1006,162,1,1583020800000,BELARUS,2020-03-01
1007,199,1,1583020800000,BELGIUM,2020-03-01
1008,227,2,1583020800000,BRAZIL,2020-03-01
1009,278,1,1583020800000,CAMBODIA,2020-03-01
1010,329,19,1583020800000,CANADA,2020-03-01
1011,386,79968,1583020800000,CHINA,2020-03-01
1012,411,7,1583020800000,CROATIA,2020-03-01
1013,438,3,1583020800000,DENMARK,2020-03-01
1014,459,1,1583020800000,ECUADOR,2020-03-01
1015,485,1,1583020800000,EGYPT,2020-03-01
1016,499,1,1583020800000,ESTONIA,2020-03-01
1017,545,2,1583020800000,FINLAND,2020-03-01
1018,592,100,1583020800000,FRANCE,2020-03-01
1019,610,3,1583020800000,GEORGIA,2020-03-01
1020,654,57,1583020800000,GERMANY,2020-03-01
1021,676,7,1583020800000,GREECE,2020-03-01
1022,743,3,1583020800000,INDIA,2020-03-01
1023,788,706,1583020800000,International conveyance (Diamond Princess),2020-03-01
1024,809,593,1583020800000,IRAN (ISLAMIC REPUBLIC OF),2020-03-01
1025,825,13,1583020800000,IRAQ,2020-03-01
1026,836,1,1583020800000,IRELAND,2020-03-01
1027,857,7,1583020800000,ISRAEL,2020-03-01
1028,897,1128,1583020800000,ITALY,2020-03-01
1029,948,239,1583020800000,JAPAN,2020-03-01
1030,975,45,1583020800000,KUWAIT,2020-03-01
1031,1003,2,1583020800000,LEBANON,2020-03-01
1032,1023,1,1583020800000,LITHUANIA,2020-03-01
1033,1079,24,1583020800000,MALAYSIA,2020-03-01
1034,1104,2,1583020800000,MEXICO,2020-03-01
1035,1116,1,1583020800000,MONACO,2020-03-01
1036,1174,1,1583020800000,NEPAL,2020-03-01
1037,1187,7,1583020800000,NETHERLANDS,2020-03-01
1038,1200,1,1583020800000,NEW ZEALAND,2020-03-01
1039,1213,1,1583020800000,NIGERIA,2020-03-01
1040,1227,1,1583020800000,NORTH MACEDONIA,2020-03-01
1041,1241,15,1583020800000,NORWAY,2020-03-01
1042,1264,6,1583020800000,OMAN,2020-03-01
1043,1278,4,1583020800000,PAKISTAN,2020-03-01
1044,1330,3,1583020800000,PHILIPPINES,2020-03-01
1045,1360,1,1583020800000,QATAR,2020-03-01
1046,1410,3736,1583020800000,REPUBLIC OF KOREA,2020-03-01
1047,1428,3,1583020800000,ROMANIA,2020-03-01
1048,1469,2,1583020800000,RUSSIAN FEDERATION,2020-03-01
1049,1496,1,1583020800000,SAN MARINO,2020-03-01
1050,1568,106,1583020800000,SINGAPORE,2020-03-01
1051,1626,45,1583020800000,SPAIN,2020-03-01
1052,1670,1,1583020800000,SRI LANKA,2020-03-01
1053,1711,13,1583020800000,SWEDEN,2020-03-01
1054,1726,18,1583020800000,SWITZERLAND,2020-03-01
1055,1776,42,1583020800000,THAILAND,2020-03-01
1056,1842,19,1583020800000,UNITED ARAB EMIRATES,2020-03-01
1057,1883,35,1583020800000,UNITED KINGDOM,2020-03-01
1058,1933,62,1583020800000,UNITED STATES OF AMERICA,2020-03-01
1059,1981,16,1583020800000,VIET NAM,2020-03-01
1060,8,1,1583107200000,AFGHANISTAN,2020-03-02
1061,26,3,1583107200000,ALGERIA,2020-03-02
1062,54,1,1583107200000,ARMENIA,2020-03-02
1063,101,33,1583107200000,AUSTRALIA,2020-03-02
1064,117,10,1583107200000,AUSTRIA,2020-03-02
1065,129,3,1583107200000,AZERBAIJAN,2020-03-02
1066,146,47,1583107200000,BAHRAIN,2020-03-02
1067,163,1,1583107200000,BELARUS,2020-03-02
1068,200,8,1583107200000,BELGIUM,2020-03-02
1069,228,2,1583107200000,BRAZIL,2020-03-02
1070,279,1,1583107200000,CAMBODIA,2020-03-02
1071,330,19,1583107200000,CANADA,2020-03-02
1072,387,80174,1583107200000,CHINA,2020-03-02
1073,412,8,1583107200000,CROATIA,2020-03-02
1074,424,3,1583107200000,CZECH REPUBLIC,2020-03-02
1075,439,4,1583107200000,DENMARK,2020-03-02
1076,449,1,1583107200000,DOMINICAN REPUBLIC,2020-03-02
1077,460,1,1583107200000,ECUADOR,2020-03-02
1078,486,2,1583107200000,EGYPT,2020-03-02
1079,500,1,1583107200000,ESTONIA,2020-03-02
1080,546,6,1583107200000,FINLAND,2020-03-02
1081,593,100,1583107200000,FRANCE,2020-03-02
1082,611,3,1583107200000,GEORGIA,2020-03-02
1083,655,150,1583107200000,GERMANY,2020-03-02
1084,677,7,1583107200000,GREECE,2020-03-02
1085,702,2,1583107200000,ICELAND,2020-03-02
1086,744,5,1583107200000,INDIA,2020-03-02
1087,754,2,1583107200000,INDONESIA,2020-03-02
1088,789,706,1583107200000,International conveyance (Diamond Princess),2020-03-02
1089,810,1501,1583107200000,IRAN (ISLAMIC REPUBLIC OF),2020-03-02
1090,826,21,1583107200000,IRAQ,2020-03-02
1091,837,1,1583107200000,IRELAND,2020-03-02
1092,838,1,1583107200000,IRELAND,2020-03-02
1093,858,10,1583107200000,ISRAEL,2020-03-02
1094,898,1689,1583107200000,ITALY,2020-03-02
1095,949,254,1583107200000,JAPAN,2020-03-02
1096,959,1,1583107200000,JORDAN,2020-03-02
1097,976,56,1583107200000,KUWAIT,2020-03-02
1098,1004,10,1583107200000,LEBANON,2020-03-02
1099,1024,1,1583107200000,LITHUANIA,2020-03-02
1100,1034,1,1583107200000,LUXEMBOURG,2020-03-02
1101,1080,24,1583107200000,MALAYSIA,2020-03-02
1102,1105,5,1583107200000,MEXICO,2020-03-02
1103,1117,1,1583107200000,MONACO,2020-03-02
1104,1175,1,1583107200000,NEPAL,2020-03-02
1105,1188,13,1583107200000,NETHERLANDS,2020-03-02
1106,1201,1,1583107200000,NEW ZEALAND,2020-03-02
1107,1214,1,1583107200000,NIGERIA,2020-03-02
1108,1228,1,1583107200000,NORTH MACEDONIA,2020-03-02
1109,1242,19,1583107200000,NORWAY,2020-03-02
1110,1265,6,1583107200000,OMAN,2020-03-02
1111,1279,4,1583107200000,PAKISTAN,2020-03-02
1112,1331,3,1583107200000,PHILIPPINES,2020-03-02
1113,1349,2,1583107200000,PORTUGAL,2020-03-02
1114,1361,3,1583107200000,QATAR,2020-03-02
1115,1411,4212,1583107200000,REPUBLIC OF KOREA,2020-03-02
1116,1429,3,1583107200000,ROMANIA,2020-03-02
1117,1470,2,1583107200000,RUSSIAN FEDERATION,2020-03-02
1118,1497,8,1583107200000,SAN MARINO,2020-03-02
1119,1569,108,1583107200000,SINGAPORE,2020-03-02
1120,1627,45,1583107200000,SPAIN,2020-03-02
1121,1671,1,1583107200000,SRI LANKA,2020-03-02
1122,1712,14,1583107200000,SWEDEN,2020-03-02
1123,1727,24,1583107200000,SWITZERLAND,2020-03-02
1124,1777,43,1583107200000,THAILAND,2020-03-02
1125,1843,20,1583107200000,UNITED ARAB EMIRATES,2020-03-02
1126,1884,36,1583107200000,UNITED KINGDOM,2020-03-02
1127,1934,62,1583107200000,UNITED STATES OF AMERICA,2020-03-02
1128,1982,16,1583107200000,VIET NAM,2020-03-02
1129,9,1,1583193600000,AFGHANISTAN,2020-03-03
1130,27,5,1583193600000,ALGERIA,2020-03-03
1131,36,1,1583193600000,ANDORRA,2020-03-03
1132,55,1,1583193600000,ARMENIA,2020-03-03
1133,102,33,1583193600000,AUSTRALIA,2020-03-03
1134,118,18,1583193600000,AUSTRIA,2020-03-03
1135,130,3,1583193600000,AZERBAIJAN,2020-03-03
1136,147,49,1583193600000,BAHRAIN,2020-03-03
1137,164,1,1583193600000,BELARUS,2020-03-03
1138,201,8,1583193600000,BELGIUM,2020-03-03
1139,229,2,1583193600000,BRAZIL,2020-03-03
1140,280,1,1583193600000,CAMBODIA,2020-03-03
1141,331,27,1583193600000,CANADA,2020-03-03
1142,388,80303,1583193600000,CHINA,2020-03-03
1143,413,9,1583193600000,CROATIA,2020-03-03
1144,425,3,1583193600000,CZECH REPUBLIC,2020-03-03
1145,440,8,1583193600000,DENMARK,2020-03-03
1146,450,1,1583193600000,DOMINICAN REPUBLIC,2020-03-03
1147,461,6,1583193600000,ECUADOR,2020-03-03
1148,487,2,1583193600000,EGYPT,2020-03-03
1149,501,1,1583193600000,ESTONIA,2020-03-03
1150,547,7,1583193600000,FINLAND,2020-03-03
1151,594,191,1583193600000,FRANCE,2020-03-03
1152,612,3,1583193600000,GEORGIA,2020-03-03
1153,656,188,1583193600000,GERMANY,2020-03-03
1154,678,7,1583193600000,GREECE,2020-03-03
1155,703,9,1583193600000,ICELAND,2020-03-03
1156,745,5,1583193600000,INDIA,2020-03-03
1157,755,2,1583193600000,INDONESIA,2020-03-03
1158,790,706,1583193600000,International conveyance (Diamond Princess),2020-03-03
1159,811,2336,1583193600000,IRAN (ISLAMIC REPUBLIC OF),2020-03-03
1160,827,26,1583193600000,IRAQ,2020-03-03
1161,839,1,1583193600000,IRELAND,2020-03-03
1162,859,10,1583193600000,ISRAEL,2020-03-03
1163,899,2036,1583193600000,ITALY,2020-03-03
1164,950,268,1583193600000,JAPAN,2020-03-03
1165,960,1,1583193600000,JORDAN,2020-03-03
1166,977,56,1583193600000,KUWAIT,2020-03-03
1167,986,1,1583193600000,LATVIA,2020-03-03
1168,1005,13,1583193600000,LEBANON,2020-03-03
1169,1025,1,1583193600000,LITHUANIA,2020-03-03
1170,1035,1,1583193600000,LUXEMBOURG,2020-03-03
1171,1081,29,1583193600000,MALAYSIA,2020-03-03
1172,1106,5,1583193600000,MEXICO,2020-03-03
1173,1118,1,1583193600000,MONACO,2020-03-03
1174,1129,1,1583193600000,MOROCCO,2020-03-03
1175,1176,1,1583193600000,NEPAL,2020-03-03
1176,1189,18,1583193600000,NETHERLANDS,2020-03-03
1177,1202,2,1583193600000,NEW ZEALAND,2020-03-03
1178,1215,1,1583193600000,NIGERIA,2020-03-03
1179,1229,1,1583193600000,NORTH MACEDONIA,2020-03-03
1180,1243,25,1583193600000,NORWAY,2020-03-03
1181,1266,6,1583193600000,OMAN,2020-03-03
1182,1280,5,1583193600000,PAKISTAN,2020-03-03
1183,1332,3,1583193600000,PHILIPPINES,2020-03-03
1184,1350,2,1583193600000,PORTUGAL,2020-03-03
1185,1362,7,1583193600000,QATAR,2020-03-03
1186,1412,4812,1583193600000,REPUBLIC OF KOREA,2020-03-03
1187,1430,3,1583193600000,ROMANIA,2020-03-03
1188,1471,3,1583193600000,RUSSIAN FEDERATION,2020-03-03
1189,1498,8,1583193600000,SAN MARINO,2020-03-03
1190,1507,1,1583193600000,SAUDI ARABIA,2020-03-03
1191,1516,1,1583193600000,SENEGAL,2020-03-03
1192,1570,110,1583193600000,SINGAPORE,2020-03-03
1193,1628,151,1583193600000,SPAIN,2020-03-03
1194,1672,1,1583193600000,SRI LANKA,2020-03-03
1195,1713,15,1583193600000,SWEDEN,2020-03-03
1196,1728,30,1583193600000,SWITZERLAND,2020-03-03
1197,1778,43,1583193600000,THAILAND,2020-03-03
1198,1792,1,1583193600000,TUNISIA,2020-03-03
1199,1801,1,1583193600000,UKRAINE,2020-03-03
1200,1844,21,1583193600000,UNITED ARAB EMIRATES,2020-03-03
1201,1885,44,1583193600000,UNITED KINGDOM,2020-03-03
1202,1935,64,1583193600000,UNITED STATES OF AMERICA,2020-03-03
1203,1983,16,1583193600000,VIET NAM,2020-03-03
1204,10,1,1583280000000,AFGHANISTAN,2020-03-04
1205,28,5,1583280000000,ALGERIA,2020-03-04
1206,37,1,1583280000000,ANDORRA,2020-03-04
1207,45,1,1583280000000,ARGENTINA,2020-03-04
1208,56,1,1583280000000,ARMENIA,2020-03-04
1209,103,43,1583280000000,AUSTRALIA,2020-03-04
1210,119,27,1583280000000,AUSTRIA,2020-03-04
1211,131,3,1583280000000,AZERBAIJAN,2020-03-04
1212,148,49,1583280000000,BAHRAIN,2020-03-04
1213,165,6,1583280000000,BELARUS,2020-03-04
1214,202,23,1583280000000,BELGIUM,2020-03-04
1215,230,2,1583280000000,BRAZIL,2020-03-04
1216,281,1,1583280000000,CAMBODIA,2020-03-04
1217,332,30,1583280000000,CANADA,2020-03-04
1218,340,1,1583280000000,CHILE,2020-03-04
1219,389,80422,1583280000000,CHINA,2020-03-04
1220,414,9,1583280000000,CROATIA,2020-03-04
1221,426,5,1583280000000,CZECH REPUBLIC,2020-03-04
1222,441,8,1583280000000,DENMARK,2020-03-04
1223,451,1,1583280000000,DOMINICAN REPUBLIC,2020-03-04
1224,462,7,1583280000000,ECUADOR,2020-03-04
1225,488,2,1583280000000,EGYPT,2020-03-04
1226,502,2,1583280000000,ESTONIA,2020-03-04
1227,548,7,1583280000000,FINLAND,2020-03-04
1228,595,212,1583280000000,FRANCE,2020-03-04
1229,613,3,1583280000000,GEORGIA,2020-03-04
1230,657,240,1583280000000,GERMANY,2020-03-04
1231,679,7,1583280000000,GREECE,2020-03-04
1232,704,16,1583280000000,ICELAND,2020-03-04
1233,746,6,1583280000000,INDIA,2020-03-04
1234,756,2,1583280000000,INDONESIA,2020-03-04
1235,791,706,1583280000000,International conveyance (Diamond Princess),2020-03-04
1236,812,2336,1583280000000,IRAN (ISLAMIC REPUBLIC OF),2020-03-04
1237,828,32,1583280000000,IRAQ,2020-03-04
1238,840,2,1583280000000,IRELAND,2020-03-04
1239,860,15,1583280000000,ISRAEL,2020-03-04
1240,900,2502,1583280000000,ITALY,2020-03-04
1241,951,284,1583280000000,JAPAN,2020-03-04
1242,961,1,1583280000000,JORDAN,2020-03-04
1243,978,56,1583280000000,KUWAIT,2020-03-04
1244,987,1,1583280000000,LATVIA,2020-03-04
1245,1006,13,1583280000000,LEBANON,2020-03-04
1246,1026,1,1583280000000,LITHUANIA,2020-03-04
1247,1036,1,1583280000000,LUXEMBOURG,2020-03-04
1248,1082,50,1583280000000,MALAYSIA,2020-03-04
1249,1107,5,1583280000000,MEXICO,2020-03-04
1250,1119,1,1583280000000,MONACO,2020-03-04
1251,1130,1,1583280000000,MOROCCO,2020-03-04
1252,1177,1,1583280000000,NEPAL,2020-03-04
1253,1190,28,1583280000000,NETHERLANDS,2020-03-04
1254,1203,2,1583280000000,NEW ZEALAND,2020-03-04
1255,1216,1,1583280000000,NIGERIA,2020-03-04
1256,1230,1,1583280000000,NORTH MACEDONIA,2020-03-04
1257,1244,33,1583280000000,NORWAY,2020-03-04
1258,1267,12,1583280000000,OMAN,2020-03-04
1259,1281,5,1583280000000,PAKISTAN,2020-03-04
1260,1333,3,1583280000000,PHILIPPINES,2020-03-04
1261,1341,1,1583280000000,POLAND,2020-03-04
1262,1351,2,1583280000000,PORTUGAL,2020-03-04
1263,1363,8,1583280000000,QATAR,2020-03-04
1264,1413,5328,1583280000000,REPUBLIC OF KOREA,2020-03-04
1265,1431,4,1583280000000,ROMANIA,2020-03-04
1266,1472,3,1583280000000,RUSSIAN FEDERATION,2020-03-04
1267,1499,8,1583280000000,SAN MARINO,2020-03-04
1268,1508,1,1583280000000,SAUDI ARABIA,2020-03-04
1269,1517,1,1583280000000,SENEGAL,2020-03-04
1270,1571,110,1583280000000,SINGAPORE,2020-03-04
1271,1629,151,1583280000000,SPAIN,2020-03-04
1272,1673,1,1583280000000,SRI LANKA,2020-03-04
1273,1714,26,1583280000000,SWEDEN,2020-03-04
1274,1729,37,1583280000000,SWITZERLAND,2020-03-04
1275,1779,43,1583280000000,THAILAND,2020-03-04
1276,1793,1,1583280000000,TUNISIA,2020-03-04
1277,1802,1,1583280000000,UKRAINE,2020-03-04
1278,1845,27,1583280000000,UNITED ARAB EMIRATES,2020-03-04
1279,1886,51,1583280000000,UNITED KINGDOM,2020-03-04
1280,1936,108,1583280000000,UNITED STATES OF AMERICA,2020-03-04
1281,1984,16,1583280000000,VIET NAM,2020-03-04
1282,11,1,1583366400000,AFGHANISTAN,2020-03-05
1283,29,12,1583366400000,ALGERIA,2020-03-05
1284,38,1,1583366400000,ANDORRA,2020-03-05
1285,46,1,1583366400000,ARGENTINA,2020-03-05
1286,57,1,1583366400000,ARMENIA,2020-03-05
1287,104,66,1583366400000,AUSTRALIA,2020-03-05
1288,120,37,1583366400000,AUSTRIA,2020-03-05
1289,132,3,1583366400000,AZERBAIJAN,2020-03-05
1290,149,49,1583366400000,BAHRAIN,2020-03-05
1291,166,6,1583366400000,BELARUS,2020-03-05
1292,203,23,1583366400000,BELGIUM,2020-03-05
1293,217,2,1583366400000,BOSNIA AND HERZEGOVINA,2020-03-05
1294,231,3,1583366400000,BRAZIL,2020-03-05
1295,282,1,1583366400000,CAMBODIA,2020-03-05
1296,333,30,1583366400000,CANADA,2020-03-05
1297,341,1,1583366400000,CHILE,2020-03-05
1298,390,80565,1583366400000,CHINA,2020-03-05
1299,415,9,1583366400000,CROATIA,2020-03-05
1300,427,5,1583366400000,CZECH REPUBLIC,2020-03-05
1301,442,15,1583366400000,DENMARK,2020-03-05
1302,452,1,1583366400000,DOMINICAN REPUBLIC,2020-03-05
1303,463,7,1583366400000,ECUADOR,2020-03-05
1304,489,2,1583366400000,EGYPT,2020-03-05
1305,503,3,1583366400000,ESTONIA,2020-03-05
1306,549,12,1583366400000,FINLAND,2020-03-05
1307,596,282,1583366400000,FRANCE,2020-03-05
1308,614,3,1583366400000,GEORGIA,2020-03-05
1309,658,349,1583366400000,GERMANY,2020-03-05
1310,665,1,1583366400000,GIBRALTAR,2020-03-05
1311,680,10,1583366400000,GREECE,2020-03-05
1312,695,2,1583366400000,HUNGARY,2020-03-05
1313,705,26,1583366400000,ICELAND,2020-03-05
1314,747,31,1583366400000,INDIA,2020-03-05
1315,757,2,1583366400000,INDONESIA,2020-03-05
1316,792,706,1583366400000,International conveyance (Diamond Princess),2020-03-05
1317,813,3513,1583366400000,IRAN (ISLAMIC REPUBLIC OF),2020-03-05
1318,829,36,1583366400000,IRAQ,2020-03-05
1319,841,6,1583366400000,IRELAND,2020-03-05
1320,861,15,1583366400000,ISRAEL,2020-03-05
1321,901,3089,1583366400000,ITALY,2020-03-05
1322,952,317,1583366400000,JAPAN,2020-03-05
1323,962,1,1583366400000,JORDAN,2020-03-05
1324,979,58,1583366400000,KUWAIT,2020-03-05
1325,988,1,1583366400000,LATVIA,2020-03-05
1326,1007,13,1583366400000,LEBANON,2020-03-05
1327,1014,1,1583366400000,LIECHTENSTEIN,2020-03-05
1328,1027,1,1583366400000,LITHUANIA,2020-03-05
1329,1037,1,1583366400000,LUXEMBOURG,2020-03-05
1330,1083,50,1583366400000,MALAYSIA,2020-03-05
1331,1108,5,1583366400000,MEXICO,2020-03-05
1332,1120,1,1583366400000,MONACO,2020-03-05
1333,1131,2,1583366400000,MOROCCO,2020-03-05
1334,1178,1,1583366400000,NEPAL,2020-03-05
1335,1191,82,1583366400000,NETHERLANDS,2020-03-05
1336,1204,2,1583366400000,NEW ZEALAND,2020-03-05
1337,1217,1,1583366400000,NIGERIA,2020-03-05
1338,1231,1,1583366400000,NORTH MACEDONIA,2020-03-05
1339,1245,33,1583366400000,NORWAY,2020-03-05
1340,1252,4,1583366400000,occupied Palestinian territory,2020-03-05
1341,1268,15,1583366400000,OMAN,2020-03-05
1342,1282,5,1583366400000,PAKISTAN,2020-03-05
1343,1334,3,1583366400000,PHILIPPINES,2020-03-05
1344,1342,1,1583366400000,POLAND,2020-03-05
1345,1352,7,1583366400000,PORTUGAL,2020-03-05
1346,1364,8,1583366400000,QATAR,2020-03-05
1347,1414,5766,1583366400000,REPUBLIC OF KOREA,2020-03-05
1348,1432,6,1583366400000,ROMANIA,2020-03-05
1349,1473,4,1583366400000,RUSSIAN FEDERATION,2020-03-05
1350,1480,1,1583366400000,SAINT BARTHELEMY,2020-03-05
1351,1487,2,1583366400000,Saint Martin,2020-03-05
1352,1500,16,1583366400000,SAN MARINO,2020-03-05
1353,1509,2,1583366400000,SAUDI ARABIA,2020-03-05
1354,1518,4,1583366400000,SENEGAL,2020-03-05
1355,1572,110,1583366400000,SINGAPORE,2020-03-05
1356,1584,1,1583366400000,SLOVENIA,2020-03-05
1357,1630,200,1583366400000,SPAIN,2020-03-05
1358,1674,1,1583366400000,SRI LANKA,2020-03-05
1359,1715,60,1583366400000,SWEDEN,2020-03-05
1360,1730,56,1583366400000,SWITZERLAND,2020-03-05
1361,1780,47,1583366400000,THAILAND,2020-03-05
1362,1794,1,1583366400000,TUNISIA,2020-03-05
1363,1803,1,1583366400000,UKRAINE,2020-03-05
1364,1846,27,1583366400000,UNITED ARAB EMIRATES,2020-03-05
1365,1887,89,1583366400000,UNITED KINGDOM,2020-03-05
1366,1937,129,1583366400000,UNITED STATES OF AMERICA,2020-03-05
1367,1985,16,1583366400000,VIET NAM,2020-03-05
1368,12,1,1583452800000,AFGHANISTAN,2020-03-06
1369,30,12,1583452800000,ALGERIA,2020-03-06
1370,39,1,1583452800000,ANDORRA,2020-03-06
1371,47,1,1583452800000,ARGENTINA,2020-03-06
1372,58,1,1583452800000,ARMENIA,2020-03-06
1373,105,57,1583452800000,AUSTRALIA,2020-03-06
1374,121,47,1583452800000,AUSTRIA,2020-03-06
1375,133,3,1583452800000,AZERBAIJAN,2020-03-06
1376,150,49,1583452800000,BAHRAIN,2020-03-06
1377,167,6,1583452800000,BELARUS,2020-03-06
1378,204,109,1583452800000,BELGIUM,2020-03-06
1379,210,1,1583452800000,BHUTAN,2020-03-06
1380,218,2,1583452800000,BOSNIA AND HERZEGOVINA,2020-03-06
1381,232,7,1583452800000,BRAZIL,2020-03-06
1382,283,1,1583452800000,CAMBODIA,2020-03-06
1383,289,1,1583452800000,CAMEROON,2020-03-06
1384,334,45,1583452800000,CANADA,2020-03-06
1385,342,1,1583452800000,CHILE,2020-03-06
1386,391,80710,1583452800000,CHINA,2020-03-06
1387,416,10,1583452800000,CROATIA,2020-03-06
1388,428,12,1583452800000,CZECH REPUBLIC,2020-03-06
1389,443,18,1583452800000,DENMARK,2020-03-06
1390,453,1,1583452800000,DOMINICAN REPUBLIC,2020-03-06
1391,464,13,1583452800000,ECUADOR,2020-03-06
1392,490,3,1583452800000,EGYPT,2020-03-06
1393,504,3,1583452800000,ESTONIA,2020-03-06
1394,550,12,1583452800000,FINLAND,2020-03-06
1395,597,420,1583452800000,FRANCE,2020-03-06
1396,615,9,1583452800000,GEORGIA,2020-03-06
1397,659,534,1583452800000,GERMANY,2020-03-06
1398,666,1,1583452800000,GIBRALTAR,2020-03-06
1399,681,32,1583452800000,GREECE,2020-03-06
1400,689,1,1583452800000,HOLY SEE,2020-03-06
1401,696,2,1583452800000,HUNGARY,2020-03-06
1402,706,26,1583452800000,ICELAND,2020-03-06
1403,748,31,1583452800000,INDIA,2020-03-06
1404,758,2,1583452800000,INDONESIA,2020-03-06
1405,793,696,1583452800000,International conveyance (Diamond Princess),2020-03-06
1406,814,4747,1583452800000,IRAN (ISLAMIC REPUBLIC OF),2020-03-06
1407,830,36,1583452800000,IRAQ,2020-03-06
1408,842,14,1583452800000,IRELAND,2020-03-06
1409,862,15,1583452800000,ISRAEL,2020-03-06
1410,902,3858,1583452800000,ITALY,2020-03-06
1411,953,349,1583452800000,JAPAN,2020-03-06
1412,963,1,1583452800000,JORDAN,2020-03-06
1413,980,58,1583452800000,KUWAIT,2020-03-06
1414,989,1,1583452800000,LATVIA,2020-03-06
1415,1008,16,1583452800000,LEBANON,2020-03-06
1416,1015,1,1583452800000,LIECHTENSTEIN,2020-03-06
1417,1028,1,1583452800000,LITHUANIA,2020-03-06
1418,1038,1,1583452800000,LUXEMBOURG,2020-03-06
1419,1084,83,1583452800000,MALAYSIA,2020-03-06
1420,1109,5,1583452800000,MEXICO,2020-03-06
1421,1121,1,1583452800000,MONACO,2020-03-06
1422,1132,2,1583452800000,MOROCCO,2020-03-06
1423,1179,1,1583452800000,NEPAL,2020-03-06
1424,1192,82,1583452800000,NETHERLANDS,2020-03-06
1425,1205,4,1583452800000,NEW ZEALAND,2020-03-06
1426,1218,1,1583452800000,NIGERIA,2020-03-06
1427,1232,1,1583452800000,NORTH MACEDONIA,2020-03-06
1428,1246,86,1583452800000,NORWAY,2020-03-06
1429,1253,7,1583452800000,occupied Palestinian territory,2020-03-06
1430,1269,16,1583452800000,OMAN,2020-03-06
1431,1283,5,1583452800000,PAKISTAN,2020-03-06
1432,1335,5,1583452800000,PHILIPPINES,2020-03-06
1433,1343,1,1583452800000,POLAND,2020-03-06
1434,1353,9,1583452800000,PORTUGAL,2020-03-06
1435,1365,8,1583452800000,QATAR,2020-03-06
1436,1415,6284,1583452800000,REPUBLIC OF KOREA,2020-03-06
1437,1433,7,1583452800000,ROMANIA,2020-03-06
1438,1474,4,1583452800000,RUSSIAN FEDERATION,2020-03-06
1439,1481,1,1583452800000,SAINT BARTHELEMY,2020-03-06
1440,1488,2,1583452800000,SAINT MARTIN,2020-03-06
1441,1501,21,1583452800000,SAN MARINO,2020-03-06
1442,1510,8,1583452800000,SAUDI ARABIA,2020-03-06
1443,1519,4,1583452800000,SENEGAL,2020-03-06
1444,1525,1,1583452800000,SERBIA,2020-03-06
1445,1573,117,1583452800000,SINGAPORE,2020-03-06
1446,1585,6,1583452800000,SLOVENIA,2020-03-06
1447,1591,1,1583452800000,SOUTH AFRICA,2020-03-06
1448,1631,365,1583452800000,SPAIN,2020-03-06
1449,1675,1,1583452800000,SRI LANKA,2020-03-06
1450,1716,61,1583452800000,SWEDEN,2020-03-06
1451,1731,86,1583452800000,SWITZERLAND,2020-03-06
1452,1781,48,1583452800000,THAILAND,2020-03-06
1453,1795,1,1583452800000,TUNISIA,2020-03-06
1454,1804,1,1583452800000,UKRAINE,2020-03-06
1455,1847,27,1583452800000,UNITED ARAB EMIRATES,2020-03-06
1456,1888,118,1583452800000,UNITED KINGDOM,2020-03-06
1457,1938,148,1583452800000,UNITED STATES OF AMERICA,2020-03-06
1458,1986,16,1583452800000,VIET NAM,2020-03-06
1459,13,1,1583539200000,AFGHANISTAN,2020-03-07
1460,31,17,1583539200000,ALGERIA,2020-03-07
1461,40,1,1583539200000,ANDORRA,2020-03-07
1462,48,2,1583539200000,ARGENTINA,2020-03-07
1463,59,1,1583539200000,ARMENIA,2020-03-07
1464,106,70,1583539200000,AUSTRALIA,2020-03-07
1465,122,74,1583539200000,AUSTRIA,2020-03-07
1466,134,9,1583539200000,AZERBAIJAN,2020-03-07
1467,151,49,1583539200000,BAHRAIN,2020-03-07
1468,168,6,1583539200000,BELARUS,2020-03-07
1469,205,169,1583539200000,BELGIUM,2020-03-07
1470,211,1,1583539200000,BHUTAN,2020-03-07
1471,219,2,1583539200000,BOSNIA AND HERZEGOVINA,2020-03-07
1472,233,13,1583539200000,BRAZIL,2020-03-07
1473,284,2,1583539200000,CAMBODIA,2020-03-07
1474,290,2,1583539200000,CAMEROON,2020-03-07
1475,335,51,1583539200000,CANADA,2020-03-07
1476,343,5,1583539200000,CHILE,2020-03-07
1477,392,80813,1583539200000,CHINA,2020-03-07
1478,397,1,1583539200000,COLOMBIA,2020-03-07
1479,417,11,1583539200000,CROATIA,2020-03-07
1480,429,12,1583539200000,CZECH REPUBLIC,2020-03-07
1481,444,23,1583539200000,DENMARK,2020-03-07
1482,454,1,1583539200000,DOMINICAN REPUBLIC,2020-03-07
1483,465,14,1583539200000,ECUADOR,2020-03-07
1484,491,3,1583539200000,EGYPT,2020-03-07
1485,505,10,1583539200000,ESTONIA,2020-03-07
1486,551,19,1583539200000,FINLAND,2020-03-07
1487,598,613,1583539200000,FRANCE,2020-03-07
1488,616,12,1583539200000,GEORGIA,2020-03-07
1489,660,639,1583539200000,GERMANY,2020-03-07
1490,667,1,1583539200000,GIBRALTAR,2020-03-07
1491,682,32,1583539200000,GREECE,2020-03-07
1492,690,1,1583539200000,HOLY SEE,2020-03-07
1493,697,5,1583539200000,HUNGARY,2020-03-07
1494,707,45,1583539200000,ICELAND,2020-03-07
1495,749,34,1583539200000,INDIA,2020-03-07
1496,759,2,1583539200000,INDONESIA,2020-03-07
1497,794,696,1583539200000,International conveyance (Diamond Princess),2020-03-07
1498,815,5823,1583539200000,IRAN (ISLAMIC REPUBLIC OF),2020-03-07
1499,831,44,1583539200000,IRAQ,2020-03-07
1500,843,18,1583539200000,IRELAND,2020-03-07
1501,863,19,1583539200000,ISRAEL,2020-03-07
1502,903,4636,1583539200000,ITALY,2020-03-07
1503,954,408,1583539200000,JAPAN,2020-03-07
1504,964,1,1583539200000,JORDAN,2020-03-07
1505,981,61,1583539200000,KUWAIT,2020-03-07
1506,990,1,1583539200000,LATVIA,2020-03-07
1507,1009,22,1583539200000,LEBANON,2020-03-07
1508,1016,1,1583539200000,LIECHTENSTEIN,2020-03-07
1509,1029,1,1583539200000,LITHUANIA,2020-03-07
1510,1039,2,1583539200000,LUXEMBOURG,2020-03-07
1511,1085,93,1583539200000,MALAYSIA,2020-03-07
1512,1094,1,1583539200000,MALTA,2020-03-07
1513,1110,5,1583539200000,MEXICO,2020-03-07
1514,1122,1,1583539200000,MONACO,2020-03-07
1515,1133,2,1583539200000,MOROCCO,2020-03-07
1516,1180,1,1583539200000,NEPAL,2020-03-07
1517,1193,128,1583539200000,NETHERLANDS,2020-03-07
1518,1206,5,1583539200000,NEW ZEALAND,2020-03-07
1519,1219,1,1583539200000,NIGERIA,2020-03-07
1520,1233,3,1583539200000,NORTH MACEDONIA,2020-03-07
1521,1247,113,1583539200000,NORWAY,2020-03-07
1522,1254,16,1583539200000,occupied Palestinian territory,2020-03-07
1523,1270,16,1583539200000,OMAN,2020-03-07
1524,1284,5,1583539200000,PAKISTAN,2020-03-07
1525,1294,1,1583539200000,PERU,2020-03-07
1526,1336,6,1583539200000,PHILIPPINES,2020-03-07
1527,1344,6,1583539200000,POLAND,2020-03-07
1528,1354,13,1583539200000,PORTUGAL,2020-03-07
1529,1366,12,1583539200000,QATAR,2020-03-07
1530,1416,6767,1583539200000,REPUBLIC OF KOREA,2020-03-07
1531,1434,7,1583539200000,ROMANIA,2020-03-07
1532,1475,7,1583539200000,RUSSIAN FEDERATION,2020-03-07
1533,1482,1,1583539200000,SAINT BARTHELEMY,2020-03-07
1534,1489,2,1583539200000,SAINT MARTIN,2020-03-07
1535,1502,24,1583539200000,SAN MARINO,2020-03-07
1536,1511,8,1583539200000,SAUDI ARABIA,2020-03-07
1537,1520,4,1583539200000,SENEGAL,2020-03-07
1538,1526,1,1583539200000,SERBIA,2020-03-07
1539,1574,130,1583539200000,SINGAPORE,2020-03-07
1540,1579,3,1583539200000,SLOVAKIA,2020-03-07
1541,1586,9,1583539200000,SLOVENIA,2020-03-07
1542,1592,2,1583539200000,SOUTH AFRICA,2020-03-07
1543,1632,374,1583539200000,SPAIN,2020-03-07
1544,1676,1,1583539200000,SRI LANKA,2020-03-07
1545,1717,137,1583539200000,SWEDEN,2020-03-07
1546,1732,227,1583539200000,SWITZERLAND,2020-03-07
1547,1782,50,1583539200000,THAILAND,2020-03-07
1548,1787,1,1583539200000,TOGO,2020-03-07
1549,1796,1,1583539200000,TUNISIA,2020-03-07
1550,1805,1,1583539200000,UKRAINE,2020-03-07
1551,1848,45,1583539200000,UNITED ARAB EMIRATES,2020-03-07
1552,1889,206,1583539200000,UNITED KINGDOM,2020-03-07
1553,1939,213,1583539200000,UNITED STATES OF AMERICA,2020-03-07
1554,1987,20,1583539200000,VIET NAM,2020-03-07
1555,14,4,1583625600000,AFGHANISTAN,2020-03-08
1556,32,17,1583625600000,ALGERIA,2020-03-08
1557,41,1,1583625600000,ANDORRA,2020-03-08
1558,49,9,1583625600000,ARGENTINA,2020-03-08
1559,60,1,1583625600000,ARMENIA,2020-03-08
1560,107,77,1583625600000,AUSTRALIA,2020-03-08
1561,123,102,1583625600000,AUSTRIA,2020-03-08
1562,135,9,1583625600000,AZERBAIJAN,2020-03-08
1563,152,79,1583625600000,BAHRAIN,2020-03-08
1564,156,3,1583625600000,BANGLADESH,2020-03-08
1565,169,6,1583625600000,BELARUS,2020-03-08
1566,206,169,1583625600000,BELGIUM,2020-03-08
1567,212,1,1583625600000,BHUTAN,2020-03-08
1568,220,2,1583625600000,BOSNIA AND HERZEGOVINA,2020-03-08
1569,234,19,1583625600000,BRAZIL,2020-03-08
1570,240,2,1583625600000,BULGARIA,2020-03-08
1571,285,2,1583625600000,CAMBODIA,2020-03-08
1572,291,2,1583625600000,CAMEROON,2020-03-08
1573,336,57,1583625600000,CANADA,2020-03-08
1574,344,5,1583625600000,CHILE,2020-03-08
1575,393,80859,1583625600000,CHINA,2020-03-08
1576,398,1,1583625600000,COLOMBIA,2020-03-08
1577,402,5,1583625600000,COSTA RICA,2020-03-08
1578,418,11,1583625600000,CROATIA,2020-03-08
1579,430,26,1583625600000,CZECH REPUBLIC,2020-03-08
1580,445,31,1583625600000,DENMARK,2020-03-08
1581,455,1,1583625600000,DOMINICAN REPUBLIC,2020-03-08
1582,466,14,1583625600000,ECUADOR,2020-03-08
1583,492,48,1583625600000,EGYPT,2020-03-08
1584,506,10,1583625600000,ESTONIA,2020-03-08
1585,510,1,1583625600000,FAROE ISLANDS,2020-03-08
1586,552,23,1583625600000,FINLAND,2020-03-08
1587,599,939,1583625600000,FRANCE,2020-03-08
1588,603,5,1583625600000,FRENCH GUIANA,2020-03-08
1589,617,12,1583625600000,GEORGIA,2020-03-08
1590,661,847,1583625600000,GERMANY,2020-03-08
1591,668,1,1583625600000,GIBRALTAR,2020-03-08
1592,683,66,1583625600000,GREECE,2020-03-08
1593,691,1,1583625600000,HOLY SEE,2020-03-08
1594,698,7,1583625600000,HUNGARY,2020-03-08
1595,708,45,1583625600000,ICELAND,2020-03-08
1596,750,34,1583625600000,INDIA,2020-03-08
1597,760,6,1583625600000,INDONESIA,2020-03-08
1598,795,696,1583625600000,International conveyance (Diamond Princess),2020-03-08
1599,816,6566,1583625600000,IRAN (ISLAMIC REPUBLIC OF),2020-03-08
1600,832,54,1583625600000,IRAQ,2020-03-08
1601,844,19,1583625600000,IRELAND,2020-03-08
1602,864,25,1583625600000,ISRAEL,2020-03-08
1603,904,5883,1583625600000,ITALY,2020-03-08
1604,955,455,1583625600000,JAPAN,2020-03-08
1605,965,1,1583625600000,JORDAN,2020-03-08
1606,982,62,1583625600000,KUWAIT,2020-03-08
1607,991,1,1583625600000,LATVIA,2020-03-08
1608,1010,28,1583625600000,LEBANON,2020-03-08
1609,1017,1,1583625600000,LIECHTENSTEIN,2020-03-08
1610,1030,1,1583625600000,LITHUANIA,2020-03-08
1611,1040,2,1583625600000,LUXEMBOURG,2020-03-08
1612,1086,93,1583625600000,MALAYSIA,2020-03-08
1613,1090,2,1583625600000,MALDIVES,2020-03-08
1614,1095,3,1583625600000,MALTA,2020-03-08
1615,1099,2,1583625600000,MARTINIQUE,2020-03-08
1616,1111,7,1583625600000,MEXICO,2020-03-08
1617,1123,1,1583625600000,MONACO,2020-03-08
1618,1134,2,1583625600000,MOROCCO,2020-03-08
1619,1181,1,1583625600000,NEPAL,2020-03-08
1620,1194,188,1583625600000,NETHERLANDS,2020-03-08
1621,1207,5,1583625600000,NEW ZEALAND,2020-03-08
1622,1220,1,1583625600000,NIGERIA,2020-03-08
1623,1234,3,1583625600000,NORTH MACEDONIA,2020-03-08
1624,1248,147,1583625600000,NORWAY,2020-03-08
1625,1255,19,1583625600000,occupied Palestinian territory,2020-03-08
1626,1271,16,1583625600000,OMAN,2020-03-08
1627,1285,5,1583625600000,PAKISTAN,2020-03-08
1628,1295,6,1583625600000,PERU,2020-03-08
1629,1337,6,1583625600000,PHILIPPINES,2020-03-08
1630,1345,6,1583625600000,POLAND,2020-03-08
1631,1355,21,1583625600000,PORTUGAL,2020-03-08
1632,1367,12,1583625600000,QATAR,2020-03-08
1633,1417,7134,1583625600000,REPUBLIC OF KOREA,2020-03-08
1634,1421,1,1583625600000,REPUBLIC OF MOLDOVA,2020-03-08
1635,1435,13,1583625600000,ROMANIA,2020-03-08
1636,1476,7,1583625600000,RUSSIAN FEDERATION,2020-03-08
1637,1483,1,1583625600000,SAINT BARTHELEMY,2020-03-08
1638,1490,2,1583625600000,SAINT MARTIN,2020-03-08
1639,1503,27,1583625600000,SAN MARINO,2020-03-08
1640,1512,11,1583625600000,SAUDI ARABIA,2020-03-08
1641,1521,4,1583625600000,SENEGAL,2020-03-08
1642,1527,1,1583625600000,SERBIA,2020-03-08
1643,1575,138,1583625600000,SINGAPORE,2020-03-08
1644,1580,3,1583625600000,SLOVAKIA,2020-03-08
1645,1587,12,1583625600000,SLOVENIA,2020-03-08
1646,1593,2,1583625600000,SOUTH AFRICA,2020-03-08
1647,1633,589,1583625600000,SPAIN,2020-03-08
1648,1677,1,1583625600000,SRI LANKA,2020-03-08
1649,1718,161,1583625600000,SWEDEN,2020-03-08
1650,1733,264,1583625600000,SWITZERLAND,2020-03-08
1651,1783,50,1583625600000,THAILAND,2020-03-08
1652,1788,1,1583625600000,TOGO,2020-03-08
1653,1797,1,1583625600000,TUNISIA,2020-03-08
1654,1806,1,1583625600000,UKRAINE,2020-03-08
1655,1849,45,1583625600000,UNITED ARAB EMIRATES,2020-03-08
1656,1890,277,1583625600000,UNITED KINGDOM,2020-03-08
1657,1940,213,1583625600000,UNITED STATES OF AMERICA,2020-03-08
1658,1988,21,1583625600000,VIET NAM,2020-03-08
1659,15,4,1583712000000,AFGHANISTAN,2020-03-09
1660,18,2,1583712000000,ALBANIA,2020-03-09
1661,33,20,1583712000000,ALGERIA,2020-03-09
1662,42,1,1583712000000,ANDORRA,2020-03-09
1663,50,12,1583712000000,ARGENTINA,2020-03-09
1664,61,1,1583712000000,ARMENIA,2020-03-09
1665,108,77,1583712000000,AUSTRALIA,2020-03-09
1666,124,112,1583712000000,AUSTRIA,2020-03-09
1667,136,9,1583712000000,AZERBAIJAN,2020-03-09
1668,153,95,1583712000000,BAHRAIN,2020-03-09
1669,157,3,1583712000000,BANGLADESH,2020-03-09
1670,170,6,1583712000000,BELARUS,2020-03-09
1671,207,200,1583712000000,BELGIUM,2020-03-09
1672,213,1,1583712000000,BHUTAN,2020-03-09
1673,221,2,1583712000000,BOSNIA AND HERZEGOVINA,2020-03-09
1674,235,25,1583712000000,BRAZIL,2020-03-09
1675,241,4,1583712000000,BULGARIA,2020-03-09
1676,286,2,1583712000000,CAMBODIA,2020-03-09
1677,292,2,1583712000000,CAMEROON,2020-03-09
1678,337,72,1583712000000,CANADA,2020-03-09
1679,345,10,1583712000000,CHILE,2020-03-09
1680,394,80904,1583712000000,CHINA,2020-03-09
1681,399,1,1583712000000,COLOMBIA,2020-03-09
1682,403,9,1583712000000,COSTA RICA,2020-03-09
1683,419,11,1583712000000,CROATIA,2020-03-09
1684,431,32,1583712000000,CZECH REPUBLIC,2020-03-09
1685,446,36,1583712000000,DENMARK,2020-03-09
1686,456,1,1583712000000,DOMINICAN REPUBLIC,2020-03-09
1687,467,15,1583712000000,ECUADOR,2020-03-09
1688,493,55,1583712000000,EGYPT,2020-03-09
1689,507,10,1583712000000,ESTONIA,2020-03-09
1690,511,3,1583712000000,FAROE ISLANDS,2020-03-09
1691,553,30,1583712000000,FINLAND,2020-03-09
1692,600,1116,1583712000000,FRANCE,2020-03-09
1693,604,5,1583712000000,FRENCH GUIANA,2020-03-09
1694,618,13,1583712000000,GEORGIA,2020-03-09
1695,662,1112,1583712000000,GERMANY,2020-03-09
1696,669,1,1583712000000,GIBRALTAR,2020-03-09
1697,684,73,1583712000000,GREECE,2020-03-09
1698,692,1,1583712000000,HOLY SEE,2020-03-09
1699,699,9,1583712000000,HUNGARY,2020-03-09
1700,709,55,1583712000000,ICELAND,2020-03-09
1701,751,43,1583712000000,INDIA,2020-03-09
1702,761,6,1583712000000,INDONESIA,2020-03-09
1703,796,696,1583712000000,International conveyance (Diamond Princess),2020-03-09
1704,817,6566,1583712000000,IRAN (ISLAMIC REPUBLIC OF),2020-03-09
1705,833,60,1583712000000,IRAQ,2020-03-09
1706,845,21,1583712000000,IRELAND,2020-03-09
1707,865,39,1583712000000,ISRAEL,2020-03-09
1708,905,7375,1583712000000,ITALY,2020-03-09
1709,956,488,1583712000000,JAPAN,2020-03-09
1710,966,1,1583712000000,JORDAN,2020-03-09
1711,983,64,1583712000000,KUWAIT,2020-03-09
1712,992,3,1583712000000,LATVIA,2020-03-09
1713,1011,32,1583712000000,LEBANON,2020-03-09
1714,1018,1,1583712000000,LIECHTENSTEIN,2020-03-09
1715,1031,1,1583712000000,LITHUANIA,2020-03-09
1716,1041,2,1583712000000,LUXEMBOURG,2020-03-09
1717,1087,117,1583712000000,MALAYSIA,2020-03-09
1718,1091,4,1583712000000,MALDIVES,2020-03-09
1719,1096,3,1583712000000,MALTA,2020-03-09
1720,1100,2,1583712000000,MARTINIQUE,2020-03-09
1721,1112,7,1583712000000,MEXICO,2020-03-09
1722,1124,1,1583712000000,MONACO,2020-03-09
1723,1135,2,1583712000000,MOROCCO,2020-03-09
1724,1182,1,1583712000000,NEPAL,2020-03-09
1725,1195,265,1583712000000,NETHERLANDS,2020-03-09
1726,1208,5,1583712000000,NEW ZEALAND,2020-03-09
1727,1221,2,1583712000000,NIGERIA,2020-03-09
1728,1235,4,1583712000000,NORTH MACEDONIA,2020-03-09
1729,1249,169,1583712000000,NORWAY,2020-03-09
1730,1256,19,1583712000000,occupied Palestinian territory,2020-03-09
1731,1272,16,1583712000000,OMAN,2020-03-09
1732,1286,6,1583712000000,PAKISTAN,2020-03-09
1733,1291,1,1583712000000,PARAGUAY,2020-03-09
1734,1296,6,1583712000000,PERU,2020-03-09
1735,1338,24,1583712000000,PHILIPPINES,2020-03-09
1736,1346,11,1583712000000,POLAND,2020-03-09
1737,1356,30,1583712000000,PORTUGAL,2020-03-09
1738,1368,15,1583712000000,QATAR,2020-03-09
1739,1418,7382,1583712000000,REPUBLIC OF KOREA,2020-03-09
1740,1422,1,1583712000000,REPUBLIC OF MOLDOVA,2020-03-09
1741,1436,15,1583712000000,ROMANIA,2020-03-09
1742,1477,7,1583712000000,RUSSIAN FEDERATION,2020-03-09
1743,1484,1,1583712000000,SAINT BARTHELEMY,2020-03-09
1744,1491,2,1583712000000,SAINT MARTIN,2020-03-09
1745,1504,37,1583712000000,SAN MARINO,2020-03-09
1746,1513,15,1583712000000,SAUDI ARABIA,2020-03-09
1747,1522,4,1583712000000,SENEGAL,2020-03-09
1748,1528,1,1583712000000,SERBIA,2020-03-09
1749,1576,150,1583712000000,SINGAPORE,2020-03-09
1750,1581,5,1583712000000,SLOVAKIA,2020-03-09
1751,1588,16,1583712000000,SLOVENIA,2020-03-09
1752,1594,3,1583712000000,SOUTH AFRICA,2020-03-09
1753,1634,999,1583712000000,SPAIN,2020-03-09
1754,1678,1,1583712000000,SRI LANKA,2020-03-09
1755,1719,203,1583712000000,SWEDEN,2020-03-09
1756,1734,332,1583712000000,SWITZERLAND,2020-03-09
1757,1784,50,1583712000000,THAILAND,2020-03-09
1758,1789,1,1583712000000,TOGO,2020-03-09
1759,1798,2,1583712000000,TUNISIA,2020-03-09
1760,1807,1,1583712000000,UKRAINE,2020-03-09
1761,1850,45,1583712000000,UNITED ARAB EMIRATES,2020-03-09
1762,1891,277,1583712000000,UNITED KINGDOM,2020-03-09
1763,1941,213,1583712000000,UNITED STATES OF AMERICA,2020-03-09
1764,1989,30,1583712000000,VIET NAM,2020-03-09
1765,16,4,1583798400000,AFGHANISTAN,2020-03-10
1766,19,6,1583798400000,ALBANIA,2020-03-10
1767,34,20,1583798400000,ALGERIA,2020-03-10
1768,43,1,1583798400000,ANDORRA,2020-03-10
1769,51,12,1583798400000,ARGENTINA,2020-03-10
1770,62,1,1583798400000,ARMENIA,2020-03-10
1771,109,92,1583798400000,AUSTRALIA,2020-03-10
1772,125,131,1583798400000,AUSTRIA,2020-03-10
1773,137,9,1583798400000,AZERBAIJAN,2020-03-10
1774,154,109,1583798400000,BAHRAIN,2020-03-10
1775,158,3,1583798400000,BANGLADESH,2020-03-10
1776,171,9,1583798400000,BELARUS,2020-03-10
1777,208,239,1583798400000,BELGIUM,2020-03-10
1778,214,1,1583798400000,BHUTAN,2020-03-10
1779,222,2,1583798400000,BOSNIA AND HERZEGOVINA,2020-03-10
1780,236,25,1583798400000,BRAZIL,2020-03-10
1781,238,1,1583798400000,BRUNEI DARUSSALAM,2020-03-10
1782,242,4,1583798400000,BULGARIA,2020-03-10
1783,287,3,1583798400000,CAMBODIA,2020-03-10
1784,293,2,1583798400000,CAMEROON,2020-03-10
1785,338,77,1583798400000,CANADA,2020-03-10
1786,346,13,1583798400000,CHILE,2020-03-10
1787,395,80924,1583798400000,CHINA,2020-03-10
1788,400,3,1583798400000,COLOMBIA,2020-03-10
1789,404,9,1583798400000,COSTA RICA,2020-03-10
1790,420,12,1583798400000,CROATIA,2020-03-10
1791,422,2,1583798400000,CYPRUS,2020-03-10
1792,432,38,1583798400000,CZECH REPUBLIC,2020-03-10
1793,447,156,1583798400000,DENMARK,2020-03-10
1794,457,5,1583798400000,DOMINICAN REPUBLIC,2020-03-10
1795,468,15,1583798400000,ECUADOR,2020-03-10
1796,494,59,1583798400000,EGYPT,2020-03-10
1797,508,10,1583798400000,ESTONIA,2020-03-10
1798,512,2,1583798400000,FAROE ISLANDS,2020-03-10
1799,554,40,1583798400000,FINLAND,2020-03-10
1800,601,1402,1583798400000,FRANCE,2020-03-10
1801,605,5,1583798400000,FRENCH GUIANA,2020-03-10
1802,619,15,1583798400000,GEORGIA,2020-03-10
1803,663,1139,1583798400000,GERMANY,2020-03-10
1804,670,1,1583798400000,GIBRALTAR,2020-03-10
1805,685,89,1583798400000,GREECE,2020-03-10
1806,687,1,1583798400000,GUERNSEY,2020-03-10
1807,693,1,1583798400000,HOLY SEE,2020-03-10
1808,700,12,1583798400000,HUNGARY,2020-03-10
1809,710,55,1583798400000,ICELAND,2020-03-10
1810,752,44,1583798400000,INDIA,2020-03-10
1811,762,19,1583798400000,INDONESIA,2020-03-10
1812,797,696,1583798400000,International conveyance (Diamond Princess),2020-03-10
1813,818,7161,1583798400000,IRAN (ISLAMIC REPUBLIC OF),2020-03-10
1814,834,61,1583798400000,IRAQ,2020-03-10
1815,846,24,1583798400000,IRELAND,2020-03-10
1816,866,39,1583798400000,ISRAEL,2020-03-10
1817,906,9172,1583798400000,ITALY,2020-03-10
1818,957,514,1583798400000,JAPAN,2020-03-10
1819,967,1,1583798400000,JORDAN,2020-03-10
1820,984,65,1583798400000,KUWAIT,2020-03-10
1821,993,8,1583798400000,LATVIA,2020-03-10
1822,1012,41,1583798400000,LEBANON,2020-03-10
1823,1019,1,1583798400000,LIECHTENSTEIN,2020-03-10
1824,1032,1,1583798400000,LITHUANIA,2020-03-10
1825,1042,5,1583798400000,LUXEMBOURG,2020-03-10
1826,1088,117,1583798400000,MALAYSIA,2020-03-10
1827,1092,6,1583798400000,MALDIVES,2020-03-10
1828,1097,4,1583798400000,MALTA,2020-03-10
1829,1101,2,1583798400000,MARTINIQUE,2020-03-10
1830,1113,7,1583798400000,MEXICO,2020-03-10
1831,1125,1,1583798400000,MONACO,2020-03-10
1832,1127,1,1583798400000,MONGOLIA,2020-03-10
1833,1136,2,1583798400000,MOROCCO,2020-03-10
1834,1183,1,1583798400000,NEPAL,2020-03-10
1835,1196,321,1583798400000,NETHERLANDS,2020-03-10
1836,1209,5,1583798400000,NEW ZEALAND,2020-03-10
1837,1222,2,1583798400000,NIGERIA,2020-03-10
1838,1236,7,1583798400000,NORTH MACEDONIA,2020-03-10
1839,1250,192,1583798400000,NORWAY,2020-03-10
1840,1257,26,1583798400000,occupied Palestinian territory,2020-03-10
1841,1273,18,1583798400000,OMAN,2020-03-10
1842,1287,16,1583798400000,PAKISTAN,2020-03-10
1843,1289,1,1583798400000,PANAMA,2020-03-10
1844,1292,1,1583798400000,PARAGUAY,2020-03-10
1845,1297,9,1583798400000,PERU,2020-03-10
1846,1339,33,1583798400000,PHILIPPINES,2020-03-10
1847,1347,16,1583798400000,POLAND,2020-03-10
1848,1357,30,1583798400000,PORTUGAL,2020-03-10
1849,1369,18,1583798400000,QATAR,2020-03-10
1850,1419,7513,1583798400000,REPUBLIC OF KOREA,2020-03-10
1851,1423,1,1583798400000,REPUBLIC OF MOLDOVA,2020-03-10
1852,1437,17,1583798400000,ROMANIA,2020-03-10
1853,1478,7,1583798400000,RUSSIAN FEDERATION,2020-03-10
1854,1485,1,1583798400000,SAINT BARTHELEMY,2020-03-10
1855,1492,2,1583798400000,SAINT MARTIN,2020-03-10
1856,1505,49,1583798400000,SAN MARINO,2020-03-10
1857,1514,15,1583798400000,SAUDI ARABIA,2020-03-10
1858,1523,4,1583798400000,SENEGAL,2020-03-10
1859,1529,1,1583798400000,SERBIA,2020-03-10
1860,1577,160,1583798400000,SINGAPORE,2020-03-10
1861,1582,7,1583798400000,SLOVAKIA,2020-03-10
1862,1589,23,1583798400000,SLOVENIA,2020-03-10
1863,1595,7,1583798400000,SOUTH AFRICA,2020-03-10
1864,1635,1024,1583798400000,SPAIN,2020-03-10
1865,1679,1,1583798400000,SRI LANKA,2020-03-10
1866,1720,248,1583798400000,SWEDEN,2020-03-10
1867,1735,332,1583798400000,SWITZERLAND,2020-03-10
1868,1785,53,1583798400000,THAILAND,2020-03-10
1869,1790,1,1583798400000,TOGO,2020-03-10
1870,1799,2,1583798400000,TUNISIA,2020-03-10
1871,1808,1,1583798400000,UKRAINE,2020-03-10
1872,1851,59,1583798400000,UNITED ARAB EMIRATES,2020-03-10
1873,1892,373,1583798400000,UNITED KINGDOM,2020-03-10
1874,1942,472,1583798400000,UNITED STATES OF AMERICA,2020-03-10
1875,1990,31,1583798400000,VIET NAM,2020-03-10
1876,17,4,1583884800000,AFGHANISTAN,2020-03-11
1877,20,10,1583884800000,ALBANIA,2020-03-11
1878,35,20,1583884800000,ALGERIA,2020-03-11
1879,44,1,1583884800000,ANDORRA,2020-03-11
1880,52,17,1583884800000,ARGENTINA,2020-03-11
1881,63,1,1583884800000,ARMENIA,2020-03-11
1882,110,122,1583884800000,AUSTRALIA,2020-03-11
1883,126,182,1583884800000,AUSTRIA,2020-03-11
1884,138,9,1583884800000,AZERBAIJAN,2020-03-11
1885,155,110,1583884800000,BAHRAIN,2020-03-11
1886,159,3,1583884800000,BANGLADESH,2020-03-11
1887,172,12,1583884800000,BELARUS,2020-03-11
1888,209,267,1583884800000,BELGIUM,2020-03-11
1889,215,1,1583884800000,BHUTAN,2020-03-11
1890,216,2,1583884800000,BOLIVIA (PLURINATIONAL STATE OF),2020-03-11
1891,223,4,1583884800000,BOSNIA AND HERZEGOVINA,2020-03-11
1892,237,34,1583884800000,BRAZIL,2020-03-11
1893,239,1,1583884800000,BRUNEI DARUSSALAM,2020-03-11
1894,243,10,1583884800000,BULGARIA,2020-03-11
1895,244,2,1583884800000,BURKINA FASO,2020-03-11
1896,288,3,1583884800000,CAMBODIA,2020-03-11
1897,294,2,1583884800000,CAMEROON,2020-03-11
1898,339,93,1583884800000,CANADA,2020-03-11
1899,347,17,1583884800000,CHILE,2020-03-11
1900,396,80955,1583884800000,CHINA,2020-03-11
1901,401,3,1583884800000,COLOMBIA,2020-03-11
1902,405,13,1583884800000,COSTA RICA,2020-03-11
1903,421,16,1583884800000,CROATIA,2020-03-11
1904,423,2,1583884800000,CYPRUS,2020-03-11
1905,433,61,1583884800000,CZECH REPUBLIC,2020-03-11
1906,434,1,1583884800000,DEMOCRATIC REPUBLIC OF THE CONGO,2020-03-11
1907,448,262,1583884800000,DENMARK,2020-03-11
1908,458,5,1583884800000,DOMINICAN REPUBLIC,2020-03-11
1909,469,15,1583884800000,ECUADOR,2020-03-11
1910,495,59,1583884800000,EGYPT,2020-03-11
1911,509,13,1583884800000,ESTONIA,2020-03-11
1912,513,2,1583884800000,FAROE ISLANDS,2020-03-11
1913,555,40,1583884800000,FINLAND,2020-03-11
1914,602,1774,1583884800000,FRANCE,2020-03-11
1915,606,5,1583884800000,FRENCH GUIANA,2020-03-11
1916,620,23,1583884800000,GEORGIA,2020-03-11
1917,664,1296,1583884800000,GERMANY,2020-03-11
1918,671,1,1583884800000,GIBRALTAR,2020-03-11
1919,686,89,1583884800000,GREECE,2020-03-11
1920,688,1,1583884800000,GUERNSEY,2020-03-11
1921,694,1,1583884800000,HOLY SEE,2020-03-11
1922,701,13,1583884800000,HUNGARY,2020-03-11
1923,711,61,1583884800000,ICELAND,2020-03-11
1924,753,60,1583884800000,INDIA,2020-03-11
1925,763,27,1583884800000,INDONESIA,2020-03-11
1926,798,696,1583884800000,International conveyance (Diamond Princess),2020-03-11
1927,819,8042,1583884800000,IRAN (ISLAMIC REPUBLIC OF),2020-03-11
1928,835,61,1583884800000,IRAQ,2020-03-11
1929,847,34,1583884800000,IRELAND,2020-03-11
1930,867,75,1583884800000,ISRAEL,2020-03-11
1931,907,10149,1583884800000,ITALY,2020-03-11
1932,908,1,1583884800000,JAMAICA,2020-03-11
1933,958,568,1583884800000,JAPAN,2020-03-11
1934,968,1,1583884800000,JORDAN,2020-03-11
1935,985,69,1583884800000,KUWAIT,2020-03-11
1936,994,8,1583884800000,LATVIA,2020-03-11
1937,1013,41,1583884800000,LEBANON,2020-03-11
1938,1020,1,1583884800000,LIECHTENSTEIN,2020-03-11
1939,1033,3,1583884800000,LITHUANIA,2020-03-11
1940,1043,5,1583884800000,LUXEMBOURG,2020-03-11
1941,1089,129,1583884800000,MALAYSIA,2020-03-11
1942,1093,8,1583884800000,MALDIVES,2020-03-11
1943,1098,6,1583884800000,MALTA,2020-03-11
1944,1102,3,1583884800000,MARTINIQUE,2020-03-11
1945,1114,7,1583884800000,MEXICO,2020-03-11
1946,1126,1,1583884800000,MONACO,2020-03-11
1947,1128,1,1583884800000,MONGOLIA,2020-03-11
1948,1137,3,1583884800000,MOROCCO,2020-03-11
1949,1184,1,1583884800000,NEPAL,2020-03-11
1950,1197,382,1583884800000,NETHERLANDS,2020-03-11
1951,1210,5,1583884800000,NEW ZEALAND,2020-03-11
1952,1223,2,1583884800000,NIGERIA,2020-03-11
1953,1237,7,1583884800000,NORTH MACEDONIA,2020-03-11
1954,1251,277,1583884800000,NORWAY,2020-03-11
1955,1258,30,1583884800000,occupied Palestinian territory,2020-03-11
1956,1274,18,1583884800000,OMAN,2020-03-11
1957,1288,16,1583884800000,PAKISTAN,2020-03-11
1958,1290,8,1583884800000,PANAMA,2020-03-11
1959,1293,8,1583884800000,PARAGUAY,2020-03-11
1960,1298,11,1583884800000,PERU,2020-03-11
1961,1340,49,1583884800000,PHILIPPINES,2020-03-11
1962,1348,22,1583884800000,POLAND,2020-03-11
1963,1358,41,1583884800000,PORTUGAL,2020-03-11
1964,1370,24,1583884800000,QATAR,2020-03-11
1965,1420,7755,1583884800000,REPUBLIC OF KOREA,2020-03-11
1966,1424,3,1583884800000,REPUBLIC OF MOLDOVA,2020-03-11
1967,1438,25,1583884800000,ROMANIA,2020-03-11
1968,1479,7,1583884800000,RUSSIAN FEDERATION,2020-03-11
1969,1486,1,1583884800000,SAINT BARTHELEMY,2020-03-11
1970,1493,2,1583884800000,SAINT MARTIN,2020-03-11
1971,1506,63,1583884800000,SAN MARINO,2020-03-11
1972,1515,20,1583884800000,SAUDI ARABIA,2020-03-11
1973,1524,4,1583884800000,SENEGAL,2020-03-11
1974,1530,12,1583884800000,SERBIA,2020-03-11
1975,1578,178,1583884800000,SINGAPORE,2020-03-11
1976,1583,7,1583884800000,SLOVAKIA,2020-03-11
1977,1590,57,1583884800000,SLOVENIA,2020-03-11
1978,1596,7,1583884800000,SOUTH AFRICA,2020-03-11
1979,1636,1639,1583884800000,SPAIN,2020-03-11
1980,1680,1,1583884800000,SRI LANKA,2020-03-11
1981,1721,326,1583884800000,SWEDEN,2020-03-11
1982,1736,491,1583884800000,SWITZERLAND,2020-03-11
1983,1786,59,1583884800000,THAILAND,2020-03-11
1984,1791,1,1583884800000,TOGO,2020-03-11
1985,1800,6,1583884800000,TUNISIA,2020-03-11
1986,1809,1,1583884800000,UKRAINE,2020-03-11
1987,1852,74,1583884800000,UNITED ARAB EMIRATES,2020-03-11
1988,1893,373,1583884800000,UNITED KINGDOM,2020-03-11
1989,1943,696,1583884800000,UNITED STATES OF AMERICA,2020-03-11
1990,1991,35,1583884800000,VIET NAM,2020-03-11
