daily,index,cumsum,cs_mv14d,d_mv14d,cs_savgol,d_savgol
19,0,19,,,-63.012118153128405,
19,1,38,,,124.9319865620846,187.944104715213
34,2,72,,,164.9173025846906,39.985316022605986
53,3,125,,,155.28384064987156,-9.633461934819024
81,4,206,,,153.09393331637844,-2.1899073334931245
110,5,316,,,186.10849374250037,33.01456042612193
27,6,343,523.4285714285714,,262.6511522584915,76.54265851599112
64,7,407,647.4285714285714,124.0,379.53465090671733,116.88349864822584
94,8,501,797.7142857142857,150.28571428571422,528.223876120786,148.6892252140687
99,9,600,975.7142857142857,178.0,699.4099097149247,171.18603359413862
174,10,774,1188.0714285714287,212.357142857143,886.1694783548616,186.7595686399369
250,11,1024,1445.5714285714287,257.5,1085.8841816814866,199.714703326625
338,12,1362,1742.5,296.92857142857133,1301.0938792585566,215.20969757707007
179,13,1541,2071.0,328.5,1539.4586165156736,238.36473725711699
214,14,1755,2429.6428571428573,358.64285714285734,1813.0034698578572,273.5448533421836
387,15,2142,2876.4285714285716,446.7857142857142,2136.8206916105087,323.81722175265145
422,16,2564,3401.5,525.0714285714284,2542.135751572163,405.31505996165424
534,17,3098,3999.785714285714,598.2857142857142,3040.945163729197,498.8094121570339
713,18,3811,4677.571428571428,677.7857142857142,3623.521779978849,582.576616249652
662,19,4473,5439.642857142857,762.0714285714284,4322.032916456145,698.5111364772965
469,20,4942,6249.214285714285,809.5714285714284,5103.597819490925,781.5649030347795
486,21,5428,7092.285714285715,843.0714285714294,5914.888213136597,811.2903936456723
1328,22,6756,8031.857142857143,939.5714285714284,6840.7871991200855,925.8989859834883
1195,23,7951,9061.357142857143,1029.5,7880.192612964977,1039.4054138448919
1199,24,9150,10161.0,1099.6428571428569,9008.21106361062,1128.0184506456435
1363,25,10513,11315.285714285714,1154.2857142857138,10235.012014080661,1226.8009504700403
1518,26,12031,12543.285714285714,1228.0,11583.243386951066,1348.2313728704048
844,27,12875,13803.642857142857,1260.3571428571431,12963.498642220826,1380.2552552697598
683,28,13558,15076.785714285714,1273.1428571428569,14315.58569038602,1352.0870481651946
1738,29,15296,16393.214285714286,1316.4285714285725,15593.400382409343,1277.814692023323
1681,30,16977,17732.5,1339.2857142857138,16867.642124052436,1274.2417416430926
1516,31,18493,19100.285714285714,1367.7857142857138,18187.087857765455,1319.4457337130189
1478,32,19971,20530.64285714286,1430.357142857145,19575.082661486074,1387.9948037206195
1694,33,21665,22019.428571428572,1488.7857142857138,21035.648902774275,1460.5662412882011
922,34,22587,23521.428571428572,1502.0,22544.897733610003,1509.2488308357279
665,35,23252,25012.071428571428,1490.642857142855,24058.26673528007,1513.3690016700675
1934,36,25186,26416.928571428572,1404.857142857145,25598.129310031716,1539.8625747516453
1515,37,26701,27813.14285714286,1396.2142857142862,27141.948461707037,1543.8191516753213
1598,38,28299,29217.714285714286,1404.5714285714275,28678.657591598407,1536.7091298913692
2239,39,30538,30636.285714285714,1418.5714285714275,30195.944111414454,1517.286519816047
2336,40,32874,32033.428571428572,1397.1428571428587,31679.5724588427,1483.6283474282463
1029,41,33903,33416.28571428572,1382.857142857145,33114.966156239316,1435.3936973966156
524,42,34427,34783.28571428572,1367.0,34515.86509186252,1400.898935623205
537,43,34964,36103.28571428572,1320.0,35889.78468852882,1373.9195966663028
1560,44,36524,37405.78571428572,1302.5,37169.4509318711,1279.6662433422753
1633,45,38157,38649.642857142855,1243.8571428571377,38382.39229424474,1212.94136237364
1674,46,39831,39803.28571428572,1153.6428571428623,39549.684455156224,1167.2921609114856
1394,47,41225,40848.0,1044.7142857142826,40654.064664016165,1104.3802088599405
722,48,41947,41846.92857142857,998.9285714285725,41712.697869779746,1058.633205763581
443,49,42390,42823.07142857143,976.1428571428551,42770.24146336997,1057.5435935902206
1276,50,43666,43814.78571428572,991.7142857142899,43836.06184243346,1065.8203790634943
1270,51,44936,44735.71428571428,920.9285714285652,44825.25836696465,989.1965245311876
777,52,45713,45577.28571428572,841.5714285714348,45772.298703748,947.0403367833496
976,53,46689,46341.142857142855,763.8571428571377,46609.59081411242,837.2921103644185
811,54,47500,47022.357142857145,681.2142857142899,47291.04568878347,681.454874671057
388,55,47888,47672.42857142857,650.0714285714275,47847.6878801189,556.6421913354279
205,56,48093,48300.857142857145,628.4285714285725,48371.92104840792,524.2331682890217
755,57,48848,48886.0,585.1428571428551,48902.58660521948,530.6655568115602
569,58,49417,49419.42857142857,533.4285714285725,49426.9944247491,524.407819529617
522,59,49939,49936.78571428572,517.3571428571449,49884.10354874329,457.10912399418885
586,60,50525,50416.0,479.2142857142826,50296.24925701096,412.1457082676716
237,61,50762,50871.78571428572,455.7857142857174,50683.546277450645,387.2970204396843
286,62,51048,51317.0,445.2142857142826,51078.485944057014,394.9396666063694
140,63,51188,51756.0,439.0,51510.81894169096,432.3329976339446
670,64,51858,52175.07142857143,419.07142857142753,51976.75946083905,465.94051914809097
546,65,52404,52581.71428571428,406.64285714285506,52412.06420340088,435.3047425618279
552,66,52956,52974.0,392.2857142857174,52850.230276825896,438.1660734250181
442,67,53398,53346.21428571428,372.2142857142826,53280.93351639703,430.7032395711358
483,68,53881,53726.21428571428,380.0,53680.71314295592,399.7796265588913
240,69,54121,54096.28571428572,370.0714285714348,54064.237419267505,383.52427631158207
118,70,54239,54462.142857142855,365.85714285713766,54439.82921240136,375.5917931338554
476,71,54715,54802.78571428572,340.64285714286234,54809.597897320906,369.7686849195452
395,72,55110,55125.28571428572,322.5,55132.24412074524,322.6462234243372
321,73,55431,55435.857142857145,310.57142857142753,55429.258428822344,297.0143080771013
305,74,55736,55719.857142857145,284.0,55697.550467632,268.2920388096536
346,75,56082,55987.07142857143,267.2142857142826,55946.43458426683,248.88411663483566
147,76,56229,56245.92857142857,258.85714285714494,56200.9144094842,254.47982521736412
81,77,56310,56501.71428571428,255.78571428571013,56453.94518903297,253.03077954877517
317,78,56627,56745.92857142857,244.21428571428987,56706.528253721386,252.5830646884133
292,79,56919,56976.357142857145,230.42857142857247,56932.94772212488,226.41946840349556
385,80,57304,57196.857142857145,220.5,57153.78571998787,220.83799786298914
70,81,57374,57407.78571428572,210.92857142857247,57364.95081657234,211.1650965844674
248,82,57622,57605.78571428572,198.0,57572.03610913295,207.08529256060865
123,83,57745,57797.642857142855,191.85714285713766,57768.23614179265,196.20003265970445
75,84,57820,57987.21428571428,189.57142857142753,57964.43492782186,196.19878602920653
314,85,58134,58158.357142857145,171.14285714286234,58158.84111346381,194.4061856419503
202,86,58336,58321.57142857143,163.2142857142826,58327.91746223519,169.0763487713848
182,87,58518,58468.642857142855,147.07142857142753,58484.86070852119,156.9432462859986
171,88,58689,58623.0,154.35714285714494,58629.09520260988,144.23449408869055
165,89,58854,58770.642857142855,147.64285714285506,58760.82495769645,131.72975508656964
61,90,58915,58914.42857142857,143.7857142857174,58882.73413900644,121.90918130998762
49,91,58964,59056.642857142855,142.2142857142826,59006.60959424575,123.87545523930748
59,92,59023,59187.28571428572,130.64285714286234,59137.18602581927,130.5764315735214
181,93,59204,59313.857142857145,126.57142857142753,59257.504193180284,120.3181673610161
159,94,59363,59435.92857142857,122.07142857142753,59375.393077480745,117.88888430046063
172,95,59535,59552.57142857143,116.64285714285506,59488.146204422905,112.75312694215972
154,96,59689,59663.78571428572,111.21428571428987,59616.621421706404,128.47521728349966
69,97,59758,59774.142857142855,110.35714285713766,59740.105516811884,123.48409510547935
53,98,59811,59882.57142857143,108.42857142857247,59863.574148744585,123.4686319327011
152,99,59963,59997.28571428572,114.71428571428987,59987.72308029145,124.14893154686433
145,100,60108,60106.142857142855,108.85714285713766,60096.6987566301,108.97567633865401
119,101,60227,60212.42857142857,106.2857142857174,60201.45887996914,104.76012333903782
95,102,60322,60314.142857142855,101.7142857142826,60295.83759435112,94.37871438197908
89,103,60411,60413.5,99.35714285714494,60384.42411684326,88.58652249214356
49,104,60460,60511.5,98.0,60468.46492150608,84.04080466281448
22,105,60482,60607.142857142855,95.64285714285506,60552.760745896965,84.29582439088699
147,106,60629,60702.142857142855,95.0,60644.1573199621,91.39657406513288
99,107,60728,60794.642857142855,92.5,60740.09787309682,95.940553134722
123,108,60851,60885.78571428572,91.14285714286234,60836.185551210714,96.08767811389407
108,109,60959,60975.57142857143,89.78571428571013,60933.00527065927,96.81971944855468
121,110,61080,61067.07142857143,91.5,61028.180036710335,95.1747660510664
50,111,61130,61158.0,90.92857142857247,61123.068606341396,94.88856963106082
20,112,61150,61249.07142857143,91.07142857142753,61216.517284528505,93.44867818710918
143,113,61293,61338.71428571428,89.64285714285506,61309.80427118279,93.28698665428237
110,114,61403,61428.42857142857,89.71428571428987,61395.865440451715,86.06116926892719
100,115,61503,61519.0,90.57142857142753,61480.45912787906,84.5936874273466
76,116,61579,61608.5,89.5,61564.68648361919,84.22735574012768
113,117,61692,61696.07142857143,87.57142857142753,61651.321503713436,86.63502009424701
41,118,61733,61784.642857142855,88.57142857142753,61738.087245995135,86.7657422816992
24,119,61757,61873.5,88.85714285714494,61820.831697352114,82.74445135697897
127,120,61884,61960.142857142855,86.64285714285506,61909.24135976024,88.4096624081285
100,121,61984,62046.0,85.85714285714494,61995.9967860935,86.75542633325676
135,122,62119,62134.5,88.5,62089.18755919168,93.19077309818385
93,123,62212,62226.42857142857,91.92857142857247,62180.543081000156,91.35552180847299
94,124,62306,62319.357142857145,92.92857142857247,62275.23696730389,94.69388630373578
64,125,62370,62413.78571428572,94.42857142857247,62366.32382094973,91.08685364583653
24,126,62394,62509.57142857143,95.78571428571013,62442.43217468481,76.10835373507871
112,127,62506,62612.28571428572,102.71428571428987,62533.07303692515,90.64086224033963
99,128,62605,62722.642857142855,110.35714285713766,62610.66152246602,77.58848554087308
137,129,62742,62841.92857142857,119.2857142857174,62705.51588737988,94.85436491385917
124,130,62866,62970.71428571428,128.78571428571013,62815.22658880348,109.71070142360259
127,131,62993,63112.357142857145,141.64285714286234,62948.47280125149,133.246212448008
62,132,63055,63258.71428571428,146.35714285713766,63087.8781773545,139.40537610300817
43,133,63098,63407.92857142857,149.21428571428987,63220.0950562724,132.21687891790498
224,134,63322,63580.78571428572,172.85714285714494,63365.13422914269,145.0391728702889
207,135,63529,63756.92857142857,176.14285714285506,63530.78157089034,165.6473417476518
260,136,63789,63962.78571428572,205.85714285714494,63725.355425951304,194.57385506096034
226,137,64015,64191.142857142855,228.35714285713766,63937.28738570802,211.93195975671551
274,138,64289,64445.857142857145,254.71428571428987,64177.694449212846,240.4070635048265
130,139,64419,64712.5,266.64285714285506,64427.426174847904,249.73172563505796
64,140,64483,64989.21428571428,276.7142857142826,64658.44563560025,231.01946075234446
443,141,64926,65292.42857142857,303.2142857142899,64913.526343043224,255.08070744297584
145,142,65071,65629.78571428571,337.35714285713766,65208.62870491342,295.1023618701947
553,143,65624,65998.78571428571,369.0,65549.14746831023,340.51876339680894
439,144,66063,66397.0,398.2142857142899,65929.72868768004,380.5812193698075
496,145,66559,66824.5,427.5,66361.07294907999,431.3442613999505
229,146,66788,67264.78571428571,440.2857142857101,66818.24813245857,457.175183378582
184,147,66972,67711.07142857143,446.2857142857247,67265.52568237414,447.27754991556867
595,148,67567,68182.42857142857,471.3571428571304,67747.71050500682,482.1848226326838
685,149,68252,68701.5,519.0714285714348,68263.64710225527,515.936597248452
703,150,68955,69235.85714285714,534.3571428571449,68808.07045474564,544.4233524903684
635,151,69590,69793.78571428571,557.9285714285652,69375.84400670767,567.7735519620328
684,152,70274,70371.35714285714,577.5714285714348,69972.81390642462,596.9698997169471
309,153,70583,70954.28571428571,582.9285714285652,70570.7495680814,597.935661656782
148,154,70731,71532.78571428571,578.5,71156.69338421439,585.943816132989
794,155,71525,72131.14285714286,598.3571428571449,71761.63920658489,604.9458223705005
813,156,72338,72731.85714285714,600.7142857142899,72381.88820666377,620.2490000788821
767,157,73105,73325.85714285714,594.0,73030.10206660317,648.2138599393948
769,158,73874,73922.28571428571,596.4285714285652,73664.38246238459,634.2803957814176
771,159,74645,74511.78571428571,589.5,74299.03818082412,634.6557184395351
304,160,74949,75090.85714285714,579.0714285714348,74913.73084794809,614.6926671239635
122,161,75071,75668.78571428571,577.9285714285652,75504.11468324973,590.3838353016472
873,162,75944,76240.5,571.7142857142899,76091.18443875133,587.069755501594
718,163,76662,76805.92857142857,565.4285714285652,76653.20592968179,562.0214909304632
609,164,77271,77360.28571428571,554.3571428571449,77194.4242958324,541.2183661506133
669,165,77940,77901.21428571429,540.9285714285797,77713.45804571039,519.0337498779845
587,166,78527,78423.5,522.2857142857101,78233.15204580713,519.6940000967443
163,167,78690,78938.57142857143,515.0714285714348,78740.49753909706,507.3454932899331
132,168,78822,79453.14285714286,514.5714285714203,79241.47837022116,500.9808311240922
707,169,79529,79948.71428571429,495.5714285714348,79758.9428882919,517.4645180707448
725,170,80254,80430.64285714286,481.9285714285652,80254.39718023516,495.454291943257
612,171,80866,80906.64285714286,476.0,80738.25482433975,483.85764410458796
581,172,81447,81373.07142857143,466.42857142857974,81210.91552288664,472.66069854689704
510,173,81957,81841.42857142857,468.3571428571304,81683.53218633753,472.6166634508845
203,174,82160,82312.07142857143,470.6428571428696,82146.03274626215,462.5005599246215
115,175,82275,82781.64285714286,469.57142857142026,82590.96263843759,444.929892175438
607,176,82882,83246.0,464.35714285714494,83047.49581554679,456.53317710920237
527,177,83409,83698.92857142857,452.9285714285652,83474.01118871947,426.515373172675
526,178,83935,84149.14285714286,450.2142857142899,83904.60610573052,430.59491701105435
535,179,84470,84606.21428571429,457.0714285714348,84338.68407470924,434.07796897871594
614,180,85084,85078.85714285714,472.64285714285506,84796.14304032318,457.4589656139433
195,181,85279,85560.0,481.14285714285506,85262.09320199904,465.95016167586436
117,182,85396,86044.0,484.0,85691.68903220959,429.5958302105428
634,183,86030,86550.21428571429,506.2142857142899,86150.73345349947,459.0444212898874
565,184,86595,87081.0,530.7857142857101,86617.17127850944,466.43782500996895
574,185,87169,87647.35714285714,566.3571428571449,87129.46319311335,512.2919146039058
677,186,87846,88257.14285714286,609.7857142857101,87679.32916990606,549.8659767927165
728,187,88574,88914.78571428571,657.6428571428551,88276.69197738597,597.3628074799053
322,188,88896,89602.57142857143,687.7857142857247,88894.91014750411,618.2181701181398
155,189,89051,90303.5,700.9285714285652,89476.50884725967,581.5986997555592
918,190,89969,91082.28571428571,778.7857142857101,90131.65761458378,655.1487673241063
871,191,90840,91937.0,854.7142857142899,90873.50265597516,741.8450413913815
1024,192,91864,92889.5,952.5,91740.27912288441,866.7764669092576
1143,193,93007,93918.64285714286,1029.142857142855,92709.96057970944,969.6814568250265
1284,194,94291,95017.85714285714,1099.2142857142899,93772.50883021759,1062.5482505081454
617,195,94908,96157.92857142857,1140.0714285714203,94907.67677247396,1135.1679422563757
301,196,95209,97319.85714285714,1161.9285714285797,96045.5538076452,1137.8770351712446
1724,197,96933,98573.5,1253.642857142855,97294.27195103474,1248.7181433895312
1628,198,98561,99913.07142857143,1339.5714285714348,98660.95475424684,1366.6828032120975
1943,199,100504,101329.21428571429,1416.142857142855,100155.29647963168,1494.3417253848456
1750,200,102254,102791.92857142857,1462.7142857142753,101725.83467340031,1570.5381937686325
1709,201,103963,104278.85714285714,1486.9285714285797,103390.79055487466,1664.9558814743505
894,202,104857,105798.71428571429,1519.857142857145,105021.96235720755,1631.1718023328867
461,203,105318,107337.0,1538.2857142857101,106441.41331287162,1419.4509556640696
2202,204,107520,108951.5,1614.5,107874.86597869334,1433.452665821722
2074,205,109594,110664.57142857143,1713.0714285714348,109360.48468414346,1485.6187054501206
2096,206,111690,112472.71428571429,1808.142857142855,111005.38869471391,1644.904010570448
1795,207,113485,114400.35714285714,1927.642857142855,112729.55668539133,1724.1679906774225
1623,208,115108,116473.92857142857,2073.5714285714203,114659.03719480171,1929.4805094103795
1078,209,116186,118607.07142857143,2133.1428571428696,116642.10470971548,1983.0675149137678
559,210,116745,120783.5,2176.428571428565,118362.20201561393,1720.0973058984528
2791,211,119536,123182.14285714286,2398.642857142855,120175.4358062453,1813.2337906313624
3008,212,122544,125843.92857142857,2661.78571428571,122355.86168790839,2180.42588166309
3274,213,125818,128849.14285714286,3005.21428571429,125012.90610005085,2657.044412142466
3423,214,129241,132203.2142857143,3354.071428571435,127983.24372129989,2970.3376212490402
3752,215,132993,136009.35714285713,3806.1428571428405,131453.87538071876,3470.6316594188684
1728,216,134721,140050.64285714287,4041.2857142857392,135195.1084446185,3741.2330638997373
1067,217,135788,144226.2142857143,4175.57142857142,138649.29792486207,3454.189480243571
5313,218,141101,148907.57142857142,4681.35714285713,142396.40591978718,3747.1079949251143
5758,219,146859,154286.7857142857,5379.21428571429,146916.2287918241,4519.8228720369225
6904,220,153763,160327.35714285713,6040.57142857142,152277.77083787278,5361.5420460486785
6679,221,160442,166982.5,6655.14285714287,158364.39816730763,6086.62732943485
7952,222,168394,174350.92857142858,7368.42857142858,165372.99197039247,7008.593803084834
4370,223,172764,182176.2142857143,7825.28571428571,173038.43459464086,7665.44262424839
2439,224,175203,190235.2142857143,8059.0,180489.99218269673,7451.557588055875
9872,225,185075,199045.0,8809.78571428571,188530.43136651235,8040.439183815615
12778,226,197853,208843.5,9798.5,197666.04177932497,9135.610412812617
12533,227,210386,219408.0,10564.5,207908.3782775201,10242.33649819513
12027,228,222413,230760.7857142857,11352.78571428571,218946.14566070164,11037.767383181548
13738,229,236151,242892.92857142858,12132.14285714287,230941.55509628638,11995.409435584734
8124,230,244275,255538.07142857142,12645.14285714284,243512.75690573215,12571.201809445774
4339,231,248614,268357.5714285714,12819.5,256227.7594502235,12715.002544491348
15824,232,264438,281889.4285714286,13531.85714285716,269796.591812736,13568.832362512505
19600,233,284038,296093.5714285714,14204.14285714284,284232.63775300427,14436.04594026826
17628,234,301666,310686.9285714286,14593.35714285716,299485.19856492797,15252.5608119237
17715,235,319381,325497.9285714286,14811.0,315275.7121230867,15790.51355815871
18863,236,338244,340426.78571428574,14928.85714285716,331521.5532494256,16245.841126338928
11552,237,349796,355225.9285714286,14799.14285714284,347928.10732284666,16406.55407342105
4880,238,354676,369905.21428571426,14679.285714285681,364307.30257733585,16379.195254489197
19845,239,374521,384442.9285714286,14537.714285714319,380803.67790708126,16496.37532974541
22190,240,396711,398443.64285714284,14000.71428571426,396868.6226405333,16064.944733452052
17982,241,414693,411843.28571428574,13399.642857142899,411813.19976389356,14944.577123360243
15074,242,429767,424523.5714285714,12680.285714285681,425702.64049540844,13889.440731514886
15388,243,445155,436330.64285714284,11807.07142857142,438575.5809505617,12872.940455153235
6308,244,451463,447529.9285714286,11199.28571428574,450323.8036526344,11748.2227020727
2661,245,454124,458484.14285714284,10954.21428571426,461216.7442674873,10892.940614852938
13842,246,467966,468636.0714285714,10151.92857142858,471490.35421813023,10273.609950642916
12082,247,480048,477750.28571428574,9114.214285714319,480403.8401651803,8913.485947050096
9213,248,489261,485723.0,7972.714285714261,488084.7360241365,7680.895858956152
7644,249,496905,493080.9285714286,7357.92857142858,494789.0754719317,6704.339447795239
6638,250,503543,499746.5714285714,6665.6428571428405,500708.6949655335,5919.6194936017855
3043,251,506586,506130.21428571426,6383.6428571428405,506141.0271916135,5432.332226080005
1449,252,508035,512399.0,6268.785714285739,511736.7743976962,5595.747206082684
8613,253,516648,518095.5,5696.5,517740.37486424553,6003.600466549338
7662,254,524310,523273.5,5178.0,522987.9506263173,5247.575762071763
2001,255,526311,528056.3571428572,4782.8571428571595,527695.9555763985,4708.004950081231
6467,256,532778,532508.0,4451.6428571428405,532081.6279379165,4385.6723615180235
5696,257,538474,536705.1428571428,4197.1428571428405,536236.056009018,4154.428071101429
2360,258,540834,540774.7857142857,4069.6428571428405,540169.0886272987,3933.032618280733
1053,259,541887,544782.7142857143,4007.928571428638,544346.7360370232,4177.647409724537
5830,260,547717,548457.1428571428,3674.4285714285215,548644.2531431052,4297.517106081941
4823,261,552540,551788.9285714285,3331.785714285681,552228.6807572909,3584.4276141857263
3681,262,556221,555168.4285714285,3379.5,555454.9925697813,3226.3118124903413
3007,263,559228,558258.2857142857,3089.8571428571595,558381.0575920208,2926.065022239578
3075,264,562303,561135.8571428572,2877.5714285714785,561092.997760041,2711.940168020199
1258,265,563561,563916.3571428572,2780.5,563656.3066252501,2563.30886520911
585,266,564146,566661.3571428572,2745.0,566189.797358739,2533.490733488812
3944,267,568090,569224.6428571428,2563.285714285681,568762.0853427979,2572.2879840589594
2865,268,570955,571635.0,2410.3571428571595,570953.139536201,2191.054193403106
2669,269,573624,573968.0,2333.0,573107.7738438174,2154.6343076163903
2412,270,576036,576254.8571428572,2286.8571428571595,575432.4997077454,2324.7258639279753
2724,271,578760,578504.1428571428,2249.285714285681,577566.2426008348,2133.742893089424
1001,272,579761,580741.7142857143,2237.5714285714785,579706.2233920719,2139.980791237089
556,273,580317,582980.0,2238.285714285681,581893.9471600916,2187.7237680196995
3286,274,583603,585175.6428571428,2195.6428571428405,584205.5520232497,2311.604863158078
2682,275,586285,587360.2142857143,2184.5714285714785,586341.9205010507,2136.3684778009774
2598,276,588883,589550.5,2190.285714285681,588454.8134454705,2112.892944419873
2361,277,591244,591759.0714285715,2208.5714285714785,590558.0350916309,2103.221646160353
2549,278,593793,593979.1428571428,2220.071428571362,592697.2143297729,2139.17923814198
1094,279,594887,596240.6428571428,2261.5,594853.3559540075,2156.1416242346168
595,280,595482,598514.9285714285,2274.285714285681,597027.0460338518,2173.690079844324
3347,281,598829,600826.2857142857,2311.3571428571595,599336.6681014937,2309.6220676419325
2710,282,601539,603174.6428571428,2348.3571428571595,601600.0916650094,2263.423563515651
2749,283,604288,605534.0714285715,2359.428571428638,603968.8179826321,2368.726317622699
2668,284,606956,607920.0714285715,2386.0,606403.1089850274,2434.29100239533
2885,285,609841,610318.9285714285,2398.857142857043,608809.8671963188,2406.758211291395
1581,286,611422,612741.7142857143,2422.7857142857974,611245.5474533146,2435.680256995838
735,287,612157,615167.3571428572,2425.6428571428405,613760.3551091402,2514.8076558255125
3805,288,615962,617590.2142857143,2422.8571428571595,616412.2015517451,2651.846442604903
3200,289,619162,620004.4285714285,2414.2142857142026,619023.8191068436,2611.6175550984917
2753,290,621915,622390.4285714285,2386.0,621641.5583590872,2617.7392522436567
2733,291,624648,624708.6428571428,2318.214285714319,624199.6421184088,2558.0837593215983
2729,292,627377,626855.9285714285,2147.285714285681,626580.6063274397,2380.964209030848
1429,293,628806,628968.6428571428,2112.714285714319,628814.4612471089,2233.8549196692184
635,294,629441,631066.7142857143,2098.0714285714785,630938.6698360866,2124.2085889776936
3308,295,632749,633081.5,2014.785714285681,633039.4680039791,2100.798167892499
2589,296,635338,635029.7142857143,1948.214285714319,634972.248027731,1932.7800237518968
2354,297,637692,636922.7142857143,1893.0,636825.2303927679,1852.9823650369653
1719,298,639411,638736.5,1813.785714285681,638522.124481324,1696.8940885560587
492,299,639903,640388.8571428572,1652.3571428571595,640093.3688912117,1571.2444098877022
1097,300,641000,642014.3571428572,1625.5,641567.3220640213,1473.9531728095608
530,301,641530,643646.6428571428,1632.285714285681,642990.4431888341,1423.1211248128675
2639,302,644169,645250.5714285715,1603.928571428638,644495.3475774426,1504.9043886085274
2268,303,646437,646857.0714285715,1606.5,645920.378725496,1425.0311480533564
1980,304,648417,648459.8571428572,1602.785714285681,647387.5132363812,1467.1345108852256
1624,305,650041,650069.1428571428,1609.285714285681,648900.1985906473,1512.6853542660829
469,306,650510,651781.4285714285,1712.285714285681,650485.4563403204,1585.2577496730955
1053,307,651563,653508.3571428572,1726.928571428638,652139.7396847409,1654.283344420488
730,308,652293,655255.1428571428,1746.785714285681,653849.3864421576,1709.64675741666
2911,309,655204,657016.9285714285,1761.785714285681,655710.2486121291,1860.8621699715732
2625,310,657829,658778.7857142857,1761.8571428571595,657529.1384127561,1818.8898006270174
2302,311,660131,660545.2142857143,1766.428571428638,659398.3406499082,1869.2022371520288
1810,312,661941,662340.1428571428,1794.9285714285215,661279.3209001252,1880.9802502170205
1934,313,663875,664249.4285714285,1909.285714285681,663250.7021805355,1971.3812804103363
1302,314,665177,666165.0,1915.5714285714785,665298.2303505369,2047.5281700013438
808,315,665985,668078.2142857143,1913.214285714319,667221.7623190709,1923.5319685339928
2849,316,668834,669993.2142857143,1915.0,669175.5994868554,1953.8371677845716
2269,317,671103,671888.1428571428,1894.9285714285215,671026.8486442793,1851.249157423852
2044,318,673147,673791.1428571428,1903.0,672839.4374130013,1812.5887687220238
2023,319,675170,675727.0,1935.8571428571595,674621.2783909689,1781.8409779676003
2070,320,677240,677705.0,1978.0,676490.1163952268,1868.8380042578792
1141,321,678381,679686.9285714285,1981.9285714285215,678469.6720903818,1979.5556951550534
697,322,679078,681667.9285714285,1981.0,680382.8744075318,1913.2023171499604
2936,323,682014,683680.1428571428,2012.214285714319,682392.5836439395,2009.7092364076525
2344,324,684358,685723.1428571428,2043.0,684380.1856010748,1987.6019571353681
2415,325,686773,687799.5714285715,2076.428571428638,686406.8309393892,2026.6453383143526
2270,326,689043,689913.3571428572,2113.785714285681,688479.0150448765,2072.1841054873075
2524,327,691567,692089.2142857143,2175.8571428571595,690652.6744397925,2173.6593949160306
1357,328,692924,694294.2142857143,2205.0,692878.9795014408,2226.3050616482506
795,329,693719,696509.6428571428,2215.4285714285215,695098.1010272822,2219.121525841416
3286,330,697005,698751.0,2241.3571428571595,697406.3433013771,2308.242274094955
2700,331,699705,701011.7142857143,2260.714285714319,699683.8271255001,2277.48382412293
2512,332,702217,703268.2142857143,2256.5,702011.9224129125,2328.095287412405
2546,333,704763,705531.2142857143,2263.0,704363.926765002,2352.0043520894833
2939,334,707702,707786.1428571428,2254.9285714285215,706740.7942592361,2376.8674942341167
1549,335,709251,710033.8571428572,2247.714285714319,709112.1773149398,2371.3830557037145
843,336,710094,712267.2142857143,2233.3571428571595,711426.7131743192,2314.5358593794517
3299,337,713393,714447.3571428572,2180.1428571428405,713764.7358421424,2338.0226678231265
2615,338,716008,716585.2142857143,2137.8571428571595,715986.4715974631,2221.735755320755
2356,339,718364,718694.4285714285,2109.2142857142026,718169.7142512399,2183.242653776775
2361,340,720725,720768.3571428572,2073.928571428638,720262.9622710458,2093.2480198058765
2411,341,723136,722775.1428571428,2006.785714285681,722311.5073206646,2048.545049618813
1256,342,724392,724751.5,1976.3571428571595,724274.3807855836,1962.8734649190446
594,343,724986,726710.0,1958.5,726113.9546630733,1839.57387748966
2541,344,727527,728627.6428571428,1917.6428571428405,727960.2093111719,1846.2546480986057
2108,345,729635,730528.6428571428,1901.0,729705.9998851423,1745.7905739704147
2111,346,731746,732441.7142857143,1913.0714285714785,731465.0025145528,1759.0026294104755
2052,347,733798,734368.7142857143,1927.0,733222.2575501761,1757.255035623326
1999,348,735797,736324.2857142857,1955.571428571362,735025.9421379832,1803.6845878070453
1123,349,736920,738301.2142857143,1976.928571428638,736855.6685358329,1829.7263978497358
593,350,737513,740293.2142857143,1992.0,738707.0592566829,1851.3907208499731
2727,351,740240,742342.1428571428,2048.9285714285215,740714.3813994137,2007.3221427308163
2382,352,742622,744448.9285714285,2106.785714285681,742751.4240542504,2037.0426548366668
2525,353,745147,746601.3571428572,2152.428571428638,744920.3920406572,2168.967986406875
2556,354,747703,748796.0714285715,2194.714285714319,747179.9311729295,2259.5391322722426
2811,355,750514,751048.0,2251.9285714285215,749529.8807833313,2349.9496104018763
1555,356,752069,753325.9285714285,2277.9285714285215,751918.6198440273,2388.7390606959816
805,357,752874,755612.2857142857,2286.3571428571595,754266.9813894305,2348.3615454031387
3338,358,756212,757933.2142857143,2320.928571428638,756705.1793569776,2438.1979675471084
2918,359,759130,760280.9285714285,2347.7142857142026,759119.484441081,2414.305084103369
2750,360,761880,762644.8571428572,2363.928571428638,761555.7780764871,2436.293635406182
2644,361,764524,765017.7857142857,2372.9285714285215,763959.9272142687,2404.1491377815837
2800,362,767324,767385.0,2367.214285714319,766372.5588094915,2412.631595222745
1487,363,768811,769749.0,2364.0,768741.8977898326,2369.3389803410973
711,364,769522,772111.6428571428,2362.6428571428405,770957.0609979879,2215.1632081553107
3211,365,772733,774499.0714285715,2387.428571428638,773247.2972907323,2290.2362927444046
2757,366,775490,776919.5714285715,2420.5,775517.6376853089,2270.340394576662
2752,367,778242,779385.5714285715,2466.0,777850.8329188826,2333.1952335736714
2682,368,780924,781912.2142857143,2526.6428571428405,780220.0354400234,2369.2025211408036
2731,369,783655,784506.8571428572,2594.6428571428405,782695.032874819,2474.9974347956013
1510,370,785165,787150.5714285715,2643.714285714319,785199.515853938,2504.4829791189404
786,371,785951,789842.2857142857,2691.7142857142026,787611.2218851327,2411.7060311947716
3685,372,789636,792680.0714285715,2837.7857142857974,790205.3787312246,2594.1568460918497
3381,373,793017,795649.4285714285,2969.357142857043,792936.1127635749,2730.7340323503595
3387,374,796404,798767.5714285715,3118.142857142957,795886.4747702728,2950.36200669792
3493,375,799897,802053.8571428572,3286.285714285681,799023.4510095904,3136.9762393175624
3752,376,803649,805515.2142857143,3461.3571428571595,802407.9714787429,3384.520469152485
2174,377,805823,809071.9285714285,3556.7142857142026,805931.4463185589,3523.4748398159863
1383,378,807206,812685.0714285715,3613.142857142957,809450.3972338043,3518.9509152454557
5256,379,812462,816483.9285714285,3798.857142857043,813226.7699549366,3776.3727211322403
4599,380,817061,820472.5,3988.5714285714785,817155.5014108534,3928.7314559167717
4835,381,821896,824616.7142857143,4144.214285714319,821298.5896272201,4143.088216366712
5036,382,826932,828913.0714285715,4296.3571428571595,825600.4911659149,4301.9015386948595
5182,383,832114,833351.4285714285,4438.357142857043,830116.9174369345,4516.42627101962
2845,384,834959,837852.7857142857,4501.3571428571595,834765.5797070328,4648.662270098226
1576,385,836535,842376.1428571428,4523.3571428571595,839520.3499422347,4754.770235201926
6285,386,842820,846963.6428571428,4587.5,844224.1233752653,4703.773433030583
6037,387,848857,851593.8571428572,4630.214285714319,848933.7386527718,4709.6152775065275
5566,388,854423,856216.1428571428,4622.285714285681,853781.1733157575,4847.434662985732
5623,389,860046,860813.7142857143,4597.5714285714785,858694.4826668951,4913.309351137606
5740,390,865786,865390.7142857143,4577.0,863664.1647683654,4969.682101470302
3056,391,868842,869957.4285714285,4566.714285714203,868563.7529314283,4899.588163062814
1691,392,870533,874519.6428571428,4562.214285714319,873272.8219448604,4709.069013432134
6154,393,876687,878744.5,4224.8571428571595,877902.3241384663,4629.5021936058765
5197,394,881884,882913.8571428572,4169.3571428571595,882237.7232546947,4335.399116228451
4724,395,886608,887024.2857142857,4110.4285714285215,886385.1781332664,4147.454878571676
4690,396,891298,891052.0714285715,4027.7857142857974,890281.2847584207,3896.106625154265
4894,397,896192,894991.0714285715,3939.0,894012.475012904,3731.190254483372
2701,398,898893,898880.5,3889.4285714285215,897623.5363976263,3611.061384722241
1513,399,900406,902742.3571428572,3861.8571428571595,901147.1360792257,3523.599681599415
1562,400,901968,906502.4285714285,3760.071428571362,904824.4807323852,3677.3446531594964
5260,401,907228,910197.0714285715,3694.642857142957,908392.7957845166,3568.3150521314237
4741,402,911969,913832.7857142857,3635.7142857142026,911970.8702333402,3578.0744488235796
4466,403,916435,917405.4285714285,3572.6428571428405,915528.5160778039,3557.6458444637246
4497,404,920932,920915.7142857143,3510.2857142857974,919080.1642284039,3551.6481506000273
2362,405,923294,924398.9285714285,3483.2142857142026,922611.3625587882,3531.1983303842135
1305,406,924599,927867.7857142857,3468.8571428571595,926171.2146449672,3559.852086179075
4729,407,929328,931613.1428571428,3745.3571428571595,929892.8786264638,3721.6639814965893
4281,408,933609,935301.1428571428,3688.0,933511.7929084355,3618.9142819716362
3899,409,937508,938941.0714285715,3639.928571428638,937159.3201247955,3647.5272163600894
3807,410,941315,942533.5,3592.4285714285215,940763.5166860094,3604.1965612138156
4021,411,945336,946064.4285714285,3530.9285714285215,944346.5275184211,3583.0108324117027
2322,412,947658,949561.5714285715,3497.142857142957,947825.6874351958,3479.159916774719
1312,413,948970,953046.7857142857,3485.2142857142026,951261.5295546808,3435.8421194850234
5433,414,954403,956499.2142857143,3452.428571428638,954891.08052206,3629.5509673792403
4457,415,958860,959914.4285714285,3415.2142857142026,958625.8910775561,3734.8105554960202
4068,416,962928,963297.4285714285,3383.0,962201.284497407,3575.393419850967
3801,417,966729,966647.5714285715,3350.142857142957,965685.7103414696,3484.4258440625854
3636,418,970365,969959.5714285715,3312.0,969070.3596663268,3384.649324857164
1889,419,972254,973201.0714285715,3241.5,972308.9864617958,3238.6267954689683
1138,420,973392,976430.0,3228.9285714285215,975416.4561852678,3107.4697234720225
4270,421,977662,979580.2142857143,3150.214285714319,978515.3165318616,3098.8603465937776
3760,422,981422,982672.8571428572,3092.6428571428405,981442.1749672935,2926.858435431961
3448,423,984870,985733.1428571428,3060.285714285681,984395.3599125753,2953.184945281828
3347,424,988217,988773.0,3039.8571428571595,987249.9662019626,2854.606289387215
3487,425,991704,991788.4285714285,3015.4285714285215,990139.861034364,2889.89483240142
1335,426,993039,994791.3571428572,3002.928571428638,993093.7123385718,2953.851304207812
1136,427,994175,997774.0714285715,2982.714285714319,996127.3272274146,3033.6148888427997
4331,428,998506,1000691.9285714285,2917.857142857043,999335.5845274205,3208.2573000058765
3651,429,1002157,1003554.7857142857,2862.8571428571595,1002441.5559390883,3105.9714116678806
3615,430,1005772,1006371.9285714285,2817.1428571428405,1005554.6482511293,3113.0923120409716
3515,431,1009287,1009017.3571428572,2645.428571428638,1008541.9784846111,2987.330233481829
3294,432,1012581,1011596.3571428572,2579.0,1011375.4847416489,2833.5062570377486
1714,433,1014295,1014169.5714285715,2573.214285714319,1014036.4131892881,2660.9284476392204
855,434,1015150,1016714.1428571428,2544.571428571362,1016587.8824706071,2551.4692813189467
3362,435,1018512,1019204.7857142857,2490.6428571428405,1018944.4990860297,2356.616615422652
2990,436,1021502,1021667.7857142857,2463.0,1021068.9690882292,2124.470002199523
2808,437,1024310,1024095.2857142857,2427.5,1023152.9355413843,2083.966453155037
943,438,1025253,1026443.7857142857,2348.5,1025223.2860982679,2070.3505568836117
2557,439,1027810,1028730.2142857143,2286.428571428638,1027325.4218797993,2102.135781531455
1254,440,1029064,1030996.6428571428,2266.4285714285215,1029486.5514205393,2161.1295407399302
735,441,1029799,1033257.2142857143,2260.5714285714785,1031780.5365648136,2293.9851442743093
3576,442,1033375,1035341.8571428572,2084.6428571428405,1034194.189227943,2413.652663129382
3264,443,1036639,1037412.1428571428,2070.285714285681,1036530.9905270415,2336.80129909853
3118,444,1039757,1039462.8571428572,2050.714285714319,1038866.7673279021,2335.776800860651
2409,445,1042166,1041604.4285714285,2141.571428571362,1041135.1371152228,2268.369787320611
2425,446,1044591,1043707.8571428572,2103.428571428638,1043325.35093343,2190.2138182072667
1434,447,1046025,1045801.4285714285,2093.571428571362,1045425.7572942456,2100.4063608156284
773,448,1046798,1047885.5714285715,2084.142857142957,1047475.9584930672,2050.201198821538
899,449,1047697,1049859.0,1973.4285714285215,1049481.846693816,2005.8882007487118
2789,450,1050486,1051719.4285714286,1860.428571428638,1051281.5300260643,1799.683332248358
2534,451,1053020,1053464.142857143,1744.714285714319,1052973.2785895625,1691.7485634982586
2215,452,1055235,1055141.5,1677.357142857043,1054600.5173858,1627.2387962373905
2023,453,1057258,1056741.9285714286,1600.428571428638,1056287.824331117,1687.306945317192
1116,454,1058374,1058286.142857143,1544.214285714319,1057926.1707276646,1638.3463965475094
603,455,1058977,1059803.642857143,1517.5,1059621.1559656342,1694.9852379695512
2026,456,1061003,1061345.2857142857,1541.642857142724,1061336.8869050383,1715.7309394041076
1682,457,1062685,1062762.0714285714,1416.785714285681,1062856.509821379,1519.622916340828
1498,458,1064183,1064057.9285714286,1295.857142857276,1064230.9033826562,1374.3935612770729
1466,459,1065649,1065250.142857143,1192.214285714319,1065444.0540034748,1213.1506208186038
1348,460,1066997,1066353.5,1103.357142857043,1066535.216392733,1091.1623892581556
647,461,1067644,1067405.0,1051.5,1067517.6198247483,982.4034320153296
399,462,1068043,1068428.357142857,1023.3571428570431,1068472.9220816407,955.3022568924353
1237,463,1069280,1069361.642857143,933.2857142859139,1069447.5725656596,974.6504840189591
1041,464,1070321,1070213.0,851.3571428570431,1070380.9791107757,933.4065451161005
841,465,1071162,1070987.2857142857,774.285714285681,1071158.469654913,777.4905441373121
764,466,1071926,1071689.0,701.714285714319,1071837.868462373,679.3988074599765
779,467,1072705,1072324.7142857143,635.714285714319,1072443.5136498592,605.6451874861959
390,468,1073095,1072933.7857142857,609.071428571362,1073001.8027749518,558.2891250925604
209,469,1073304,1073524.2857142857,590.5,1073559.3640058236,557.5612308718264
765,470,1074069,1074060.857142857,536.571428571362,1074123.7186739398,564.354668116197
535,471,1074604,1074549.142857143,488.28571428591385,1074597.9391111722,474.22043723240495
419,472,1075023,1075005.642857143,456.5,1075037.0497543672,439.11064319498837
450,473,1075473,1075431.7857142857,426.1428571427241,1075434.5937147618,397.5439603945706
424,474,1075897,1075830.7142857143,398.92857142863795,1075796.1918053622,361.5980906004552
274,475,1076171,1076220.2857142857,389.57142857136205,1076137.2975137588,341.1057083965279
139,476,1076310,1076607.5714285714,387.285714285681,1076473.7946088896,336.49709513084963
482,477,1076792,1076982.9285714286,375.3571428572759,1076823.0497310963,349.2551222066395
365,478,1077157,1077359.857142857,376.9285714284051,1077141.5738721988,318.5241411025636
396,479,1077553,1077751.7142857143,391.8571428572759,1077472.6151025444,331.04123034561053
339,480,1077892,1078159.7142857143,408.0,1077820.7085592735,348.0934567290824
398,481,1078290,1078589.142857143,429.42857142863795,1078192.7641665093,372.05560723575763
259,482,1078549,1079036.2142857143,447.07142857136205,1078582.0806243252,389.316457815934
177,483,1078726,1079499.5,463.285714285681,1078970.788477076,388.7078527507838
598,484,1079324,1079999.642857143,500.1428571429569,1079417.9220666902,447.1335896141827
557,485,1079881,1080548.142857143,548.5,1079891.0470445028,473.12497781263664
628,486,1080509,1081152.142857143,604.0,1080422.9238259078,531.8767814049497
676,487,1081185,1081819.5714285714,667.4285714284051,1081005.1590410734,582.2352151656523
724,488,1081909,1082550.642857143,731.0714285715949,1081658.9853372553,653.8262961818837
521,489,1082430,1083334.9285714286,784.285714285681,1082378.601072805,719.6157355497126
366,490,1082796,1084162.357142857,827.4285714284051,1083121.8883558724,743.2872830673587
998,491,1083794,1085073.0714285714,910.714285714319,1083970.9539719732,849.0656161007937
1042,492,1084836,1086046.0714285714,973.0,1084950.0586702032,979.1046982300468
1173,493,1086009,1087077.5,1031.428571428638,1085968.3802956135,1018.3216254103463
1227,494,1087236,1088159.9285714286,1082.428571428638,1087064.8925356017,1096.5122399881948
1289,495,1088525,1089302.7857142857,1142.857142857043,1088251.3997408056,1186.507205203874
1004,496,1089529,1090487.2857142857,1184.5,1089499.8326935328,1248.4329527271912
781,497,1090310,1091705.5,1218.214285714319,1090747.5999361577,1247.76724262489
1764,498,1092074,1093004.857142857,1299.357142857043,1092071.4482110504,1323.8482748926617
1429,499,1093503,1094369.357142857,1364.5,1093427.7429368717,1356.2947258213535
1446,500,1094949,1095706.5,1337.142857142957,1094821.5232904668,1393.780353595037
1390,501,1096339,1097092.7142857143,1386.214285714319,1096235.769729507,1414.2464390401728
1570,502,1097909,1098505.142857143,1412.428571428638,1097679.0493460128,1443.279616505839
1104,503,1099013,1099928.5714285714,1423.4285714284051,1099120.3943971305,1441.345051117707
838,504,1099851,1101352.2142857143,1423.642857142957,1100528.8558749934,1408.4614778629038
2134,505,1101985,1102800.7142857143,1448.5,1101982.5866068096,1453.7307318162639
1954,506,1103939,1104261.4285714286,1460.714285714319,1103450.0811491779,1467.494542368222
790,507,1104729,1105744.0,1482.571428571362,1104936.9808939837,1486.89974480588
1914,508,1106643,1107254.5714285714,1510.571428571362,1106417.12748199,1480.1465880062897
1656,509,1108299,1108781.357142857,1526.785714285681,1107929.581501776,1512.4540197858587
1158,510,1109457,1110314.0,1532.642857142957,1109446.7524670453,1517.1709652694408
784,511,1110241,1111862.2142857143,1548.214285714319,1110916.3426176938,1469.5901506484952
2112,512,1112353,1113418.7857142857,1556.571428571362,1112441.3943422765,1525.0517245826777
1600,513,1113953,1114975.0714285714,1556.285714285681,1113984.4164766097,1543.0221343331505
1752,514,1115705,1116608.857142857,1633.785714285681,1115572.0337681894,1587.6172915797215
1782,515,1117487,1118237.0714285714,1628.214285714319,1117188.897917736,1616.8641495467164
1797,516,1119284,1119899.357142857,1662.285714285681,1118866.3888920792,1677.490974343149
1186,517,1120470,1121570.0,1670.642857142957,1120565.0011328452,1698.6122407659423
1056,518,1121526,1123250.5,1680.5,1122213.6347548962,1648.6336220509838
2251,519,1123777,1124965.642857143,1715.142857142957,1123925.6377051533,1712.002950257156
1950,520,1125727,1126724.9285714286,1759.285714285681,1125628.3098929548,1702.6721878014505
1875,521,1127602,1128501.357142857,1776.4285714284051,1127387.418733014,1759.1088400592562
1836,522,1129438,1130304.642857143,1803.2857142859139,1129214.0096156523,1826.5908826382365
2133,523,1131571,1132141.9285714286,1837.285714285681,1131042.8534181342,1828.8438024818897
1275,524,1132846,1133991.0714285714,1849.142857142724,1132888.2771759622,1845.4237578280736
922,525,1133768,1135819.5,1828.428571428638,1134701.793408542,1813.5162325797137
2597,526,1136365,1137689.2142857143,1869.714285714319,1136579.2462854555,1877.452876913594
2218,527,1138583,1139580.142857143,1890.928571428638,1138463.9990893982,1884.7528039426543
1992,528,1140575,1141498.9285714286,1918.785714285681,1140415.3354785393,1951.3363891411573
2158,529,1142733,1143429.9285714286,1931.0,1142376.4052152275,1961.069736688165
2273,530,1145006,1145368.9285714286,1939.0,1144358.7871865535,1982.3819713259581
1352,531,1146358,1147308.642857143,1939.714285714319,1146336.1505247445,1977.3633381910622
766,532,1147124,1149250.7857142857,1942.142857142724,1148245.609897736,1909.4593729914632
2829,533,1149953,1151197.0,1946.214285714319,1150199.2495369173,1953.6396391813178
2247,534,1152200,1153160.5,1963.5,1152140.0139211258,1940.76438420848
2265,535,1154465,1155152.7857142857,1992.285714285681,1154107.906598585,1967.8926774591673
2007,536,1156472,1157147.142857143,1994.357142857276,1156078.580103955,1970.6735053700395
2245,537,1158717,1159137.5,1990.357142857043,1158073.4277638874,1994.8476599324495
1285,538,1160002,1161129.2857142857,1991.785714285681,1160060.355544327,1986.9277804396115
956,539,1160958,1163125.857142857,1996.571428571362,1162012.8290710102,1952.4735266831703
2654,540,1163612,1165130.642857143,2004.7857142859139,1164037.3994313027,2024.5703602924477
2460,541,1166072,1167143.357142857,2012.7142857140861,1166049.5858591301,2012.1864278274588
2395,542,1168467,1169153.0,2009.642857142957,1168101.0364549067,2051.4505957765505
2187,543,1170654,1171170.2142857143,2017.214285714319,1170155.5698605038,2054.533405597089
2217,544,1172871,1173181.0,2010.785714285681,1172222.585311218,2067.015450714156
1372,545,1174243,1175188.5714285714,2007.571428571362,1174276.940189941,2054.3548787231557
833,546,1175076,1177180.2142857143,1991.642857142957,1176269.2705132018,1992.3303232607432
2944,547,1178020,1179182.2857142857,2002.071428571362,1178311.203556395,2041.933043193072
2358,548,1180378,1181177.2857142857,1995.0,1180289.4516328392,1978.248076444259
2222,549,1182600,1183157.642857143,1980.357142857276,1182270.398911874,1980.947279034881
2113,550,1184713,1185132.142857143,1974.5,1184228.5708673345,1958.1719554604497
2155,551,1186868,1187114.2142857143,1982.071428571362,1186204.249009945,1975.6781426104717
1240,552,1188108,1189091.5714285714,1977.357142857043,1188153.867546599,1949.6185366539285
733,553,1188841,1191057.9285714286,1966.357142857276,1190042.3780915583,1888.5105449594557
2800,554,1191641,1193023.2857142857,1965.357142857043,1191995.3767752321,1952.9986836737953
2361,555,1194002,1194998.5,1975.214285714319,1193920.6197563685,1925.2429811363108
2190,556,1196192,1196980.857142857,1982.357142857043,1195869.457203833,1948.837447464466
2105,557,1198297,1198985.5714285714,2004.714285714319,1197823.3649086333,1953.9077048003674
2323,558,1200620,1201007.0714285714,2021.5,1199831.7359038973,2008.3709952640347
1306,559,1201926,1203030.0,2022.928571428638,1201866.812940551,2035.0770366536453
679,560,1202605,1205047.142857143,2017.142857142957,1203892.385336593,2025.5723960420582
2930,561,1205535,1207074.2857142857,2027.142857142724,1205992.3202858204,2099.934949227376
2496,562,1208031,1209094.857142857,2020.571428571362,1208052.9248907405,2060.6046049201395
2322,563,1210353,1211114.0714285714,2019.214285714319,1210138.1372813657,2085.212390625151
2426,564,1212779,1213131.5,2017.428571428638,1212211.8912829706,2073.754001604859
2390,565,1215169,1215143.9285714286,2012.428571428638,1214289.8361667912,2077.944883820601
1260,566,1216429,1217149.9285714286,2006.0,1216337.5514095172,2047.7152427260298
652,567,1217081,1219159.0714285714,2009.142857142724,1218318.5241121962,1980.9727026789915
2940,568,1220021,1221146.642857143,1987.5714285715949,1220340.1186097804,2021.5944975842722
2269,569,1222290,1223126.7142857143,1980.071428571362,1222274.6870279545,1934.5684181740507
2171,570,1224461,1225095.7142857143,1969.0,1224213.6987478596,1939.0117199050728
2080,571,1226541,1227046.0,1950.285714285681,1226142.3777411627,1928.678993303096
2253,572,1228794,1228979.0714285714,1933.071428571362,1228086.3145561097,1943.9368149470538
1216,573,1230010,1230904.0714285714,1925.0,1230007.7146474735,1921.4000913638156
723,574,1230733,1232830.9285714286,1926.857142857276,1231850.8167145343,1843.1020670607686
2628,575,1233361,1234747.142857143,1916.214285714319,1233783.10354073,1932.286826195661
2391,576,1235752,1236664.857142857,1917.7142857140861,1235678.4676120859,1895.3640713558998
2167,577,1237919,1238609.2857142857,1944.428571428638,1237605.6642002417,1927.1965881558135
2164,578,1240083,1240584.857142857,1975.571428571362,1239535.9512933637,1930.287093122024
2149,579,1242232,1242581.2142857143,1996.357142857276,1241506.6842895313,1970.732996167615
1147,580,1243379,1244592.4285714286,2011.214285714319,1243461.9540039892,1955.2697144579142
678,581,1244057,1246610.5714285714,2018.142857142724,1245259.6365527664,1797.6825487772003
2791,582,1246848,1248721.2857142857,2110.714285714319,1247178.5960027417,1918.9594499752857
2290,583,1249138,1250906.5714285714,2185.285714285681,1249153.5224773341,1974.9264745924156
2545,584,1251683,1253194.0,2287.428571428638,1251284.192181448,2130.669704113854
2516,585,1254199,1255604.7142857143,2410.714285714319,1253531.183131235,2246.9909497869667
2544,586,1256743,1258159.642857143,2554.928571428638,1255963.4625535584,2432.2794223234523
1424,587,1258167,1260802.357142857,2642.714285714086,1258447.2377002374,2483.7751466790214
820,588,1258987,1263503.0714285714,2700.714285714319,1260729.6899938353,2282.4522935978603
3924,589,1262911,1266473.7142857143,2970.642857142957,1263246.215611656,2516.5256178206764
3435,590,1266346,1269730.5,3256.785714285681,1266044.9346556698,2798.71904401388
3597,591,1269943,1273273.5,3543.0,1269214.2434572475,3169.3088015776593
3890,592,1273833,1277130.0,3856.5,1272721.7754132124,3507.5319559648633
4168,593,1278001,1281315.357142857,4185.357142857043,1276656.2282080632,3934.452794850804
2376,594,1280377,1285691.142857143,4375.785714285914,1280834.1892318784,4177.961023815209
1490,595,1281867,1290183.357142857,4492.214285714086,1285164.6277749324,4330.438543054042
6570,596,1288437,1295088.357142857,4905.0,1289474.8849759004,4310.257200967986
6296,597,1294733,1300419.5,5331.142857142957,1294273.4829685972,4798.597992696799
6552,598,1301285,1306152.5714285714,5733.071428571362,1299808.833378332,5535.350409734761
6905,599,1308190,1312264.642857143,6112.071428571595,1305953.80042531,6144.967046977952
7148,600,1315338,1318742.5,6477.857142857043,1312773.005636784,6819.2052114740945
4090,601,1319428,1325405.7142857143,6663.214285714319,1319948.6813095591,7175.675672775134
2450,602,1321878,1332180.9285714286,6775.214285714319,1326901.0025431488,6952.321233589668
9703,603,1331581,1338742.7142857143,6561.785714285681,1334180.8362774618,7279.833734313026
9401,604,1340982,1345691.5,6948.785714285681,1341589.8459851088,7409.00970764691
9224,605,1350206,1352937.0,7245.5,1349335.72806317,7745.882078061346
9196,606,1359402,1360416.5,7479.5,1356593.8325219848,7258.10445881472
9289,607,1368691,1368181.0714285714,7764.571428571362,1363891.9019410568,7298.06941907201
4971,608,1373662,1376114.4285714286,7933.357142857276,1371261.625439708,7369.723498651059
3058,609,1376720,1384163.7142857143,8049.285714285681,1378300.3034257132,7038.677986005321
3582,610,1380302,1392610.4285714286,8446.714285714319,1385963.2196250337,7662.916199320462
11714,611,1392016,1401315.4285714286,8705.0,1394093.7468243958,8130.527199362172
10706,612,1402722,1410272.2857142857,8956.857142857043,1402730.1828640704,8636.436039674561
10181,613,1412903,1418933.357142857,8661.071428571362,1411685.6290289995,8955.446164929075
11139,614,1424042,1427913.2142857143,8979.857142857276,1421094.4087195878,9408.779690588359
6453,615,1430495,1437135.2857142857,9222.071428571362,1430653.751105681,9559.342386093223
4073,616,1434568,1446532.2142857143,9396.928571428638,1439706.3809308922,9052.62982521113
15267,617,1449835,1457161.642857143,10629.428571428638,1449422.785496229,9716.404565336881
13017,618,1462852,1468270.857142857,11109.214285714086,1459517.3243726874,10094.538876458304
12750,619,1475602,1479911.642857143,11640.785714285914,1470126.8822630197,10609.557890332304
5055,620,1480657,1492151.7857142857,12240.142857142724,1481175.1517771618,11048.26951414207
13752,621,1494409,1504964.2142857143,12812.428571428638,1492892.5037375991,11717.351960437372
8362,622,1502771,1518116.7857142857,13152.571428571362,1505103.5020729117,12210.998335312586
5506,623,1508277,1531460.857142857,13344.071428571362,1517417.9635150458,12314.46144213411
20837,624,1529114,1545544.7142857143,14083.857142857276,1531166.1469399794,13748.18342493358
18431,625,1547545,1560208.7142857143,14664.0,1546348.5138252473,15182.366885267897
18148,626,1565693,1575403.0,15194.285714285681,1562382.9473116018,16034.433486354537
18572,627,1584265,1591681.2857142857,16278.285714285681,1579252.5004721137,16869.55316051189
19151,628,1603416,1608409.0,16727.71428571432,1596897.0205400677,17644.52006795397
11215,629,1614631,1625367.2857142857,16958.28571428568,1614783.038984927,17886.018444859423
6754,630,1621385,1642437.4285714286,17070.142857142957,1632367.254607225,17584.215622297954
25624,631,1647009,1659819.7142857143,17382.28571428568,1650368.6065758548,18001.35196862975
21139,632,1668148,1677376.2142857143,17556.5,1668048.4683184016,17679.861742546782
20174,633,1688322,1695041.357142857,17665.142857142724,1685826.2096601978,17777.741341796238
20231,634,1708553,1712689.142857143,17647.785714285914,1703655.247160171,17829.037499973085
20044,635,1728597,1730238.2142857143,17549.071428571362,1722012.9539120174,18357.706751846476
11590,636,1740187,1747674.5714285714,17436.357142857043,1740090.0151528632,18077.061240845826
7072,637,1747259,1765055.4285714286,17380.857142857276,1757981.6207385994,17891.605585736223
25207,638,1772466,1782087.2857142857,17031.857142857043,1776097.6390754709,18116.018336871406
20870,639,1793336,1798729.357142857,16642.071428571362,1793463.2541365349,17365.615061064018
19669,640,1813005,1815007.5714285714,16278.214285714319,1810483.393665419,17020.139528884087
18329,641,1831334,1830800.5,15792.928571428638,1826912.550129537,16429.156464118045
17769,642,1849103,1846097.642857143,15297.142857142957,1842764.9603110477,15852.410181510728
9637,643,1858740,1861074.9285714286,14977.285714285681,1858131.808609053,15366.848298005294
5977,644,1864717,1875826.2142857143,14751.285714285681,1873277.5579988535,15145.749389800476
20738,645,1885455,1889768.7857142857,13942.571428571362,1888299.3301056458,15021.772106792312
15682,646,1901137,1902976.5,13207.714285714319,1901942.0659745752,13642.73586892942
15080,647,1916217,1915442.357142857,12465.857142857043,1914878.7965674817,12936.730592906475
13437,648,1929654,1927178.2857142857,11735.928571428638,1926981.9670403441,12103.170472862432
13103,649,1942757,1938198.2857142857,11020.0,1938309.3237860608,11327.35674571665
7112,650,1949869,1948869.4285714286,10671.142857142957,1948866.527177661,10557.203391600167
3908,651,1953777,1959317.2142857143,10447.785714285681,1959090.2423064017,10223.715128740761
13885,652,1967662,1968934.642857143,9617.428571428638,1969265.6049464669,10175.362640065141
10582,653,1978244,1977958.5,9023.857142857043,1978214.562332259,8948.957385792164
9283,654,1987527,1986433.0,8474.5,1986645.060051854,8430.497719594976
8110,655,1995637,1994485.142857143,8052.142857142957,1994536.4617738589,7891.40172200487
7746,656,2003383,2002067.0,7581.857142857043,2001910.1575611297,7373.695787270786
4753,657,2008136,2009342.142857143,7275.142857142957,2008302.2095257137,6392.0519645840395
2850,658,2010986,2016664.2857142857,7322.142857142724,2014031.7519789012,5729.542453187518
9113,659,2020099,2023944.4285714286,7280.142857142957,2020192.2541003563,6160.502121455036
7372,660,2027471,2031384.357142857,7439.928571428405,2026387.309667954,6195.0555675977375
7389,661,2034860,2039235.9285714286,7851.571428571595,2033225.1150594587,6837.805391504662
7524,662,2042384,2047655.2857142857,8419.357142857043,2040235.607132446,7010.49207298737
6519,663,2048903,2056399.2857142857,8744.0,2047608.0642645184,7372.457132072421
2818,664,2051721,2065094.5,8695.214285714319,2055128.7685452022,7520.704280683771
4566,665,2056287,2074235.142857143,9140.642857142957,2062299.33890725,7170.570362047758
13297,666,2069584,2084694.9285714286,10459.785714285681,2070961.8805570556,8662.541649805615
12819,667,2082403,2096636.9285714286,11942.0,2080853.5161378817,9891.635580826085
15046,668,2097449,2109911.5,13274.571428571362,2092482.707914129,11629.19177624723
16059,669,2113508,2124337.0714285714,14425.571428571362,2105607.828114421,13125.120200292207
12291,670,2125799,2139997.0714285714,15660.0,2120525.3943334916,14917.56621907046
4070,671,2129869,2156551.8571428573,16554.785714285914,2136779.693759939,16254.2994264476
9086,672,2138955,2173582.285714286,17030.428571428638,2152665.571531176,15885.877771236934
27581,673,2166536,2192359.785714286,18777.5,2170858.2864363794,18192.71490520332
28123,674,2194659,2212485.6428571427,20125.85714285681,2191430.5533539574,20572.266917577945
26045,675,2220704,2233761.6428571427,21276.0,2214239.1091062073,22808.5557522499
23638,676,2244342,2256041.214285714,22279.571428571362,2238179.9830072843,23940.87390107708
23801,677,2268143,2279717.4285714286,23676.21428571455,2263099.7651415016,24919.78213421721
15345,678,2283488,2304615.4285714286,24898.0,2287733.447433911,24633.68229240924
11225,679,2294713,2329935.214285714,25319.78571428545,2309783.6396695655,22050.192235654686
37756,680,2332469,2357764.3571428573,27829.14285714319,2333001.6994742486,23218.059804683086
31696,681,2364165,2387921.285714286,30156.928571428638,2358131.485353022,25129.785878773313
31148,682,2395313,2420567.3571428573,32646.071428571362,2385713.16710501,27581.681751987897
30109,683,2425422,2455615.785714286,35048.42857142864,2415683.59514002,29970.428035010118
31844,684,2457266,2492995.785714286,37380.0,2448770.2656965503,33086.67055653036
21175,685,2478441,2531621.714285714,38625.92857142817,2485226.3595562913,36456.093859741
14991,686,2493432,2570927.785714286,39306.07142857183,2524110.398175133,38884.038618841674
62712,687,2556144,2612962.5,42034.714285714086,2567450.665883092,43340.26770795928
60712,688,2616856,2657197.285714286,44234.785714285914,2614381.3935190444,46930.72763595218
60893,689,2677749,2703118.1428571427,45920.85714285681,2664647.0737572,50265.68023815565
57271,690,2735020,2750281.785714286,47163.64285714319,2717288.103156808,52641.029399607796
56443,691,2791463,2798129.3571428573,47847.57142857136,2771498.4219920277,54210.318835219834
32788,692,2824251,2846123.0714285714,47993.714285714086,2826034.0175304404,54535.59553841269
20747,693,2844998,2893989.214285714,47866.142857142724,2879584.8433880666,53550.825857626274
75957,694,2920955,2940948.714285714,46959.5,2932269.6380691677,52684.794681101106
62497,695,2983452,2986195.214285714,45246.5,2981764.578481409,49494.940412241034
54753,696,3038205,3029295.3571428573,43100.14285714319,3028502.722982375,46738.144500966184
47508,697,3085713,3070152.1428571427,40856.78571428545,3071999.6000071354,43496.87702476047
41419,698,3127132,3108576.214285714,38424.07142857136,3112523.61389964,40524.01389250439
23221,699,3150353,3145549.0714285714,36972.857142857276,3150413.408281819,37889.794382179156
13205,700,3163558,3181560.3571428573,36011.285714285914,3186368.36449975,35954.95621793112
50019,701,3213577,3214104.3571428573,32544.0,3220700.552700236,34332.18820048589
36730,702,3250307,3243569.5714285714,29465.214285714086,3250408.021020727,29707.468320491258
30844,703,3281151,3270321.9285714286,26752.357142857276,3276880.100329118,26472.079308390617
25864,704,3307015,3294694.8571428573,24372.928571428638,3300229.075099852,23348.974770734087
22385,705,3329400,3316978.785714286,22283.928571428638,3321232.74791018,21003.672810328193
12471,706,3341871,3338085.5714285714,21106.78571428545,3340822.0576076414,19589.309697461314
7285,707,3349156,3358595.1428571427,20509.571428571362,3360592.569513968,19770.51190632675
27415,708,3376571,3376709.0714285714,18113.928571428638,3380247.345698793,19654.77618482476
19394,709,3395965,3393022.6428571427,16313.571428571362,3396128.6594960424,15881.313797249459
16773,710,3412738,3407890.5714285714,14867.928571428638,3410405.0624217126,14276.402925670147
14196,711,3426934,3421573.5,13682.928571428638,3423102.764288329,12697.701866616495
12173,712,3439107,3434208.3571428573,12634.857142857276,3434701.256591967,11598.492303637788
6741,713,3445848,3446273.5,12065.142857142724,3445863.773464794,11162.516872826964
4844,714,3450692,3458027.714285714,11754.214285714086,3457653.3015180696,11789.528053275775
16480,715,3467172,3468605.1428571427,10577.428571428638,3468720.786873116,11067.485355046578
11525,716,3478697,3478367.1428571427,9762.0,3479024.910268224,10304.123395107687
10605,717,3489302,3487474.714285714,9107.571428571362,3488465.4694265616,9440.559158337768
9274,718,3498576,3496043.5714285714,8568.857142857276,3497007.1814456624,8541.712019100785
7712,719,3506288,3504154.714285714,8111.142857142724,3504704.4048009673,7697.2233553049155
4495,720,3510783,3512014.6428571427,7859.928571428638,3511710.8443309115,7006.439529944211
2932,721,3513715,3519630.285714286,7615.64285714319,3518269.5418803236,6558.697549412027
10940,722,3524655,3526069.0,6438.714285714086,3524678.4560797266,6408.9141994030215
7978,723,3532633,,,3531226.9347381135,6548.478658386972
7611,724,3540244,,,3538098.3833268047,6871.448588691186
6654,725,3546898,,,3545234.433032,7136.049705195241
5765,726,3552663,,,3552155.9118535197,6921.478821519762
3224,727,3555887,,,3557735.9222274763,5580.010373956524
1424,728,3557311,,,3559920.3286503367,2184.4064228604548
3,729,3557314,,,3555390.958781969,-4529.36986836791
